epoch,optimizer_step,unscaled_loss,gradient_norm,learning_rate,accumulated_sample_ids,accumulated_micro_batches
1,1,0.9299240112304688,163.77821350097656,3.3333333333333335e-05,"[""train_0383"", ""train_1392"", ""train_0595"", ""train_0248"", ""train_0662"", ""train_0990"", ""train_0296"", ""train_0468"", ""train_0174"", ""train_0331"", ""train_0294"", ""train_1485"", ""train_0568"", ""train_1138"", ""train_1152"", ""train_0691""]",16
1,2,0.9023475050926208,113.55938720703125,5e-05,"[""train_1027"", ""train_1470"", ""train_0661"", ""train_0517"", ""train_0102"", ""train_1128"", ""train_1268"", ""train_1328"", ""train_1444"", ""train_0238"", ""train_0417"", ""train_1258"", ""train_0458"", ""train_0924"", ""train_1041"", ""train_1034""]",16
1,3,0.41602104902267456,6.925643444061279,6.666666666666667e-05,"[""train_0286"", ""train_1480"", ""train_1023"", ""train_0617"", ""train_1357"", ""train_1386"", ""train_0726"", ""train_1226"", ""train_1230"", ""train_0607"", ""train_0694"", ""train_0962"", ""train_0333"", ""train_0801"", ""train_0822"", ""train_0722""]",16
1,4,0.13769567012786865,10.674460411071777,8.333333333333334e-05,"[""train_0252"", ""train_1193"", ""train_0838"", ""train_0756"", ""train_0139"", ""train_0853"", ""train_0703"", ""train_0429"", ""train_1241"", ""train_1403"", ""train_0394"", ""train_0582"", ""train_0823"", ""train_1271"", ""train_0023"", ""train_1288""]",16
1,5,0.3750007748603821,7.542469501495361,0.0001,"[""train_1382"", ""train_0175"", ""train_0709"", ""train_1290"", ""train_1087"", ""train_1341"", ""train_0516"", ""train_1014"", ""train_0495"", ""train_0253"", ""train_0665"", ""train_0022"", ""train_0332"", ""train_0548"", ""train_1307"", ""train_0735""]",16
1,6,0.9335965514183044,11.977265357971191,0.0001,"[""train_1102"", ""train_0819"", ""train_1336"", ""train_0968"", ""train_1147"", ""train_0254"", ""train_0231"", ""train_0143"", ""train_0261"", ""train_1183"", ""train_1400"", ""train_0222"", ""train_1171"", ""train_0506"", ""train_0293"", ""train_1000""]",16
1,7,0.7421930432319641,4.826839923858643,9.912280701754386e-05,"[""train_0586"", ""train_0836"", ""train_0512"", ""train_0037"", ""train_0945"", ""train_0752"", ""train_0679"", ""train_1278"", ""train_0128"", ""train_0798"", ""train_1264"", ""train_1091"", ""train_0421"", ""train_0392"", ""train_0663"", ""train_0048""]",16
1,8,0.27148592472076416,3.338853597640991,9.824561403508771e-05,"[""train_1334"", ""train_0894"", ""train_0880"", ""train_0217"", ""train_0505"", ""train_1012"", ""train_0715"", ""train_0308"", ""train_1107"", ""train_0306"", ""train_0854"", ""train_0170"", ""train_0534"", ""train_0004"", ""train_0433"", ""train_1285""]",16
1,9,0.6601577401161194,2.87663197517395,9.736842105263158e-05,"[""train_1123"", ""train_1283"", ""train_0003"", ""train_0351"", ""train_0974"", ""train_0413"", ""train_0809"", ""train_0556"", ""train_0664"", ""train_0721"", ""train_1300"", ""train_0599"", ""train_0540"", ""train_0161"", ""train_1417"", ""train_1026""]",16
1,10,0.6367242932319641,4.1286301612854,9.649122807017544e-05,"[""train_1250"", ""train_0770"", ""train_1425"", ""train_0441"", ""train_0783"", ""train_0227"", ""train_0196"", ""train_0487"", ""train_1261"", ""train_0453"", ""train_0986"", ""train_0295"", ""train_1252"", ""train_1155"", ""train_0619"", ""train_0706""]",16
1,11,0.058135271072387695,3.0884602069854736,9.56140350877193e-05,"[""train_1387"", ""train_0981"", ""train_0395"", ""train_0883"", ""train_1185"", ""train_0462"", ""train_1237"", ""train_1051"", ""train_1115"", ""train_0326"", ""train_1146"", ""train_1346"", ""train_0923"", ""train_0131"", ""train_0998"", ""train_0570""]",16
1,12,1.2500029802322388,2.9134256839752197,9.473684210526316e-05,"[""train_0631"", ""train_0001"", ""train_0844"", ""train_1240"", ""train_0929"", ""train_1287"", ""train_1412"", ""train_0591"", ""train_1431"", ""train_1487"", ""train_1071"", ""train_0745"", ""train_0737"", ""train_0898"", ""train_0406"", ""train_1043""]",16
1,13,0.29297250509262085,2.283179998397827,9.385964912280703e-05,"[""train_1114"", ""train_0202"", ""train_0393"", ""train_1216"", ""train_0211"", ""train_0101"", ""train_0438"", ""train_0432"", ""train_0436"", ""train_1178"", ""train_0899"", ""train_0039"", ""train_0738"", ""train_0266"", ""train_1198"", ""train_0398""]",16
1,14,0.34961438179016113,6.562392234802246,9.298245614035089e-05,"[""train_1207"", ""train_0608"", ""train_0565"", ""train_0808"", ""train_0641"", ""train_0497"", ""train_1378"", ""train_1459"", ""train_0084"", ""train_0377"", ""train_0340"", ""train_0835"", ""train_1475"", ""train_1127"", ""train_0873"", ""train_1036""]",16
1,15,0.11231273412704468,3.28902268409729,9.210526315789474e-05,"[""train_0848"", ""train_0623"", ""train_0557"", ""train_1332"", ""train_0235"", ""train_0504"", ""train_0198"", ""train_0347"", ""train_0669"", ""train_0384"", ""train_0304"", ""train_0311"", ""train_0872"", ""train_0054"", ""train_1245"", ""train_0671""]",16
1,16,0.41211169958114624,3.307077646255493,9.12280701754386e-05,"[""train_0028"", ""train_0310"", ""train_0322"", ""train_0367"", ""train_0805"", ""train_0736"", ""train_0687"", ""train_0407"", ""train_0546"", ""train_0209"", ""train_0766"", ""train_0785"", ""train_0654"", ""train_0795"", ""train_1270"", ""train_0479""]",16
1,17,0.2382974624633789,3.3833441734313965,9.035087719298246e-05,"[""train_1058"", ""train_0108"", ""train_0221"", ""train_0046"", ""train_1447"", ""train_1478"", ""train_0007"", ""train_0690"", ""train_1150"", ""train_1455"", ""train_0206"", ""train_0069"", ""train_0973"", ""train_1244"", ""train_1068"", ""train_0658""]",16
1,18,0.49025511741638184,3.1384353637695312,8.947368421052632e-05,"[""train_1186"", ""train_0903"", ""train_0829"", ""train_1310"", ""train_1438"", ""train_0473"", ""train_0173"", ""train_0609"", ""train_0411"", ""train_1099"", ""train_1236"", ""train_0716"", ""train_1032"", ""train_0628"", ""train_1161"", ""train_0035""]",16
1,19,0.6367234587669373,2.667417526245117,8.859649122807017e-05,"[""train_0259"", ""train_1427"", ""train_0017"", ""train_0824"", ""train_1187"", ""train_1471"", ""train_0747"", ""train_1231"", ""train_0514"", ""train_1309"", ""train_1086"", ""train_0723"", ""train_0493"", ""train_1077"", ""train_0955"", ""train_0799""]",16
1,20,0.601565957069397,3.2781879901885986,8.771929824561403e-05,"[""train_1348"", ""train_0349"", ""train_0558"", ""train_0488"", ""train_0560"", ""train_1474"", ""train_0511"", ""train_0871"", ""train_1167"", ""train_0094"", ""train_0834"", ""train_1024"", ""train_0045"", ""train_1319"", ""train_0036"", ""train_0720""]",16
1,21,0.8828136324882507,3.770007848739624,8.68421052631579e-05,"[""train_0983"", ""train_0771"", ""train_0425"", ""train_1374"", ""train_1365"", ""train_1074"", ""train_0743"", ""train_0590"", ""train_0360"", ""train_0567"", ""train_0076"", ""train_0618"", ""train_0465"", ""train_1017"", ""train_0218"", ""train_0549""]",16
1,22,0.3125009536743164,3.6137776374816895,8.596491228070177e-05,"[""train_0032"", ""train_1321"", ""train_1399"", ""train_0234"", ""train_1420"", ""train_1367"", ""train_0077"", ""train_1359"", ""train_0773"", ""train_0815"", ""train_0513"", ""train_0774"", ""train_0475"", ""train_1174"", ""train_0547"", ""train_1483""]",16
1,23,0.5312648415565491,3.2564687728881836,8.508771929824562e-05,"[""train_1085"", ""train_0539"", ""train_0544"", ""train_0584"", ""train_1151"", ""train_0750"", ""train_0905"", ""train_0416"", ""train_0323"", ""train_0216"", ""train_0994"", ""train_1064"", ""train_0391"", ""train_0309"", ""train_0146"", ""train_0659""]",16
1,24,0.5468780994415283,3.3657760620117188,8.421052631578948e-05,"[""train_1054"", ""train_0890"", ""train_0454"", ""train_0387"", ""train_0862"", ""train_0911"", ""train_0611"", ""train_0484"", ""train_0550"", ""train_1394"", ""train_1369"", ""train_1280"", ""train_1335"", ""train_0535"", ""train_1057"", ""train_0891""]",16
1,25,0.39062702655792236,3.089869260787964,8.333333333333334e-05,"[""train_0073"", ""train_1235"", ""train_0103"", ""train_1418"", ""train_0710"", ""train_0574"", ""train_1031"", ""train_1110"", ""train_0067"", ""train_1411"", ""train_0602"", ""train_1443"", ""train_0024"", ""train_0870"", ""train_0178"", ""train_1079""]",16
1,26,0.47074389457702637,4.786600112915039,8.24561403508772e-05,"[""train_1329"", ""train_0256"", ""train_0270"", ""train_0885"", ""train_0647"", ""train_1454"", ""train_0420"", ""train_0882"", ""train_1458"", ""train_1429"", ""train_1190"", ""train_0287"", ""train_0612"", ""train_0620"", ""train_0262"", ""train_0455""]",16
1,27,0.013733744621276855,3.7375218868255615,8.157894736842105e-05,"[""train_1164"", ""train_1422"", ""train_0154"", ""train_0081"", ""train_1415"", ""train_1197"", ""train_0901"", ""train_0764"", ""train_1388"", ""train_0561"", ""train_1323"", ""train_0701"", ""train_1106"", ""train_1318"", ""train_1404"", ""train_1437""]",16
1,28,0.5507903099060059,3.3567452430725098,8.070175438596491e-05,"[""train_1062"", ""train_0226"", ""train_0919"", ""train_0091"", ""train_1172"", ""train_1281"", ""train_0057"", ""train_0030"", ""train_0291"", ""train_0892"", ""train_0636"", ""train_1200"", ""train_0744"", ""train_1262"", ""train_0339"", ""train_1142""]",16
1,29,0.7304691076278687,2.8667256832122803,7.982456140350878e-05,"[""train_0243"", ""train_1246"", ""train_1326"", ""train_0976"", ""train_0635"", ""train_0368"", ""train_0072"", ""train_0283"", ""train_0418"", ""train_0937"", ""train_0090"", ""train_0907"", ""train_0583"", ""train_0068"", ""train_1251"", ""train_1162""]",16
1,30,0.9531253576278687,4.248778343200684,7.894736842105263e-05,"[""train_1463"", ""train_0769"", ""train_0958"", ""train_1410"", ""train_1344"", ""train_0415"", ""train_0038"", ""train_0995"", ""train_0908"", ""train_1179"", ""train_0109"", ""train_0375"", ""train_0015"", ""train_0470"", ""train_0369"", ""train_0930""]",16
1,31,0.46289098262786865,4.86265230178833,7.807017543859649e-05,"[""train_1304"", ""train_1295"", ""train_0728"", ""train_1490"", ""train_0474"", ""train_1100"", ""train_1189"", ""train_0249"", ""train_0881"", ""train_1263"", ""train_0230"", ""train_1364"", ""train_1165"", ""train_0439"", ""train_1430"", ""train_0775""]",16
1,32,0.6718759536743164,2.8294613361358643,7.719298245614036e-05,"[""train_1199"", ""train_0124"", ""train_1428"", ""train_0900"", ""train_1180"", ""train_0203"", ""train_0702"", ""train_1002"", ""train_0130"", ""train_0344"", ""train_0265"", ""train_0700"", ""train_0005"", ""train_0637"", ""train_1441"", ""train_1223""]",16
1,33,0.6562502980232239,2.486445426940918,7.631578947368422e-05,"[""train_0376"", ""train_0095"", ""train_0029"", ""train_0194"", ""train_0707"", ""train_0026"", ""train_0598"", ""train_1084"", ""train_0957"", ""train_0014"", ""train_0997"", ""train_0187"", ""train_0730"", ""train_0189"", ""train_0085"", ""train_1105""]",16
1,34,0.5312516093254089,3.3512799739837646,7.543859649122808e-05,"[""train_0219"", ""train_0207"", ""train_1267"", ""train_0426"", ""train_1134"", ""train_0466"", ""train_0573"", ""train_0980"", ""train_0984"", ""train_1397"", ""train_1065"", ""train_1040"", ""train_0010"", ""train_0879"", ""train_1059"", ""train_0008""]",16
1,35,0.19336354732513428,3.3408563137054443,7.456140350877193e-05,"[""train_0515"", ""train_0725"", ""train_1260"", ""train_0906"", ""train_0233"", ""train_0576"", ""train_1462"", ""train_0657"", ""train_0423"", ""train_0632"", ""train_0342"", ""train_1253"", ""train_0784"", ""train_0410"", ""train_1440"", ""train_0481""]",16
1,36,0.37891656160354614,3.0549426078796387,7.368421052631579e-05,"[""train_0403"", ""train_1046"", ""train_1011"", ""train_0245"", ""train_0251"", ""train_0127"", ""train_0419"", ""train_1083"", ""train_0409"", ""train_0370"", ""train_0156"", ""train_0244"", ""train_0964"", ""train_1350"", ""train_0683"", ""train_0402""]",16
1,37,0.06347668170928955,5.332584381103516,7.280701754385966e-05,"[""train_1484"", ""train_0946"", ""train_0820"", ""train_0171"", ""train_1228"", ""train_0804"", ""train_0299"", ""train_0427"", ""train_1075"", ""train_0603"", ""train_0971"", ""train_0639"", ""train_1078"", ""train_1466"", ""train_1381"", ""train_1266""]",16
1,38,0.5078133940696716,4.629711151123047,7.192982456140351e-05,"[""train_0704"", ""train_0437"", ""train_0850"", ""train_1445"", ""train_0524"", ""train_1257"", ""train_0009"", ""train_1073"", ""train_0341"", ""train_1029"", ""train_0734"", ""train_0327"", ""train_0678"", ""train_0559"", ""train_0857"", ""train_0147""]",16
1,39,0.9531254172325134,4.844729423522949,7.105263157894737e-05,"[""train_0355"", ""train_0125"", ""train_0537"", ""train_1358"", ""train_0461"", ""train_1457"", ""train_0049"", ""train_0052"", ""train_1254"", ""train_1333"", ""train_0055"", ""train_0875"", ""train_0922"", ""train_1005"", ""train_1227"", ""train_0594""]",16
1,40,0.4804691672325134,5.458290100097656,7.017543859649122e-05,"[""train_1383"", ""train_0670"", ""train_1098"", ""train_0239"", ""train_1465"", ""train_1090"", ""train_0972"", ""train_0868"", ""train_0021"", ""train_1442"", ""train_1116"", ""train_1247"", ""train_0353"", ""train_0301"", ""train_1037"", ""train_1259""]",16
1,41,0.23730862140655518,6.155923843383789,6.929824561403509e-05,"[""train_0536"", ""train_0149"", ""train_0828"", ""train_0456"", ""train_1327"", ""train_0902"", ""train_0195"", ""train_1320"", ""train_0763"", ""train_0431"", ""train_1132"", ""train_1217"", ""train_1166"", ""train_1435"", ""train_1296"", ""train_0676""]",16
1,42,0.6367194056510925,5.4865875244140625,6.842105263157895e-05,"[""train_0877"", ""train_0018"", ""train_1366"", ""train_1448"", ""train_1286"", ""train_1408"", ""train_0313"", ""train_1229"", ""train_0967"", ""train_0852"", ""train_0886"", ""train_1489"", ""train_0330"", ""train_0572"", ""train_1391"", ""train_0112""]",16
1,43,0.6835941672325134,7.009450435638428,6.754385964912281e-05,"[""train_0446"", ""train_1379"", ""train_0927"", ""train_0338"", ""train_0016"", ""train_0762"", ""train_0129"", ""train_1476"", ""train_0896"", ""train_0942"", ""train_0145"", ""train_1340"", ""train_0989"", ""train_0920"", ""train_0841"", ""train_0712""]",16
1,44,0.35546940565109253,3.5809743404388428,6.666666666666667e-05,"[""train_0863"", ""train_0749"", ""train_0151"", ""train_0176"", ""train_0579"", ""train_0033"", ""train_0348"", ""train_0292"", ""train_0793"", ""train_1066"", ""train_1101"", ""train_1479"", ""train_0779"", ""train_0796"", ""train_0066"", ""train_0123""]",16
1,45,0.23733055591583252,2.4793384075164795,6.578947368421054e-05,"[""train_1081"", ""train_1481"", ""train_0655"", ""train_0887"", ""train_0566"", ""train_0869"", ""train_0563"", ""train_0500"", ""train_1009"", ""train_1001"", ""train_0445"", ""train_0729"", ""train_0074"", ""train_0878"", ""train_0650"", ""train_0634""]",16
1,46,0.7343761324882507,2.783503770828247,6.49122807017544e-05,"[""train_1313"", ""train_1141"", ""train_0361"", ""train_0114"", ""train_1096"", ""train_1209"", ""train_0889"", ""train_1354"", ""train_1202"", ""train_0936"", ""train_0571"", ""train_0260"", ""train_0708"", ""train_0100"", ""train_0343"", ""train_1191""]",16
1,47,0.5078129172325134,5.1431565284729,6.403508771929825e-05,"[""train_0034"", ""train_0684"", ""train_1028"", ""train_0918"", ""train_1111"", ""train_0987"", ""train_0855"", ""train_0985"", ""train_1301"", ""train_1477"", ""train_0928"", ""train_1175"", ""train_0718"", ""train_0778"", ""train_0087"", ""train_0993""]",16
1,48,0.28711605072021484,3.7838473320007324,6.31578947368421e-05,"[""train_0748"", ""train_0444"", ""train_0467"", ""train_1033"", ""train_1469"", ""train_1432"", ""train_0757"", ""train_0019"", ""train_0649"", ""train_0904"", ""train_0509"", ""train_1343"", ""train_0551"", ""train_0642"", ""train_0508"", ""train_0806""]",16
1,49,0.3300788402557373,3.6673362255096436,6.228070175438597e-05,"[""train_0759"", ""train_1149"", ""train_0953"", ""train_1450"", ""train_0624"", ""train_0197"", ""train_0086"", ""train_1488"", ""train_0263"", ""train_0947"", ""train_0449"", ""train_1176"", ""train_0496"", ""train_0925"", ""train_0388"", ""train_0689""]",16
1,50,0.23730933666229248,2.7833919525146484,6.140350877192983e-05,"[""train_0430"", ""train_1025"", ""train_1019"", ""train_0938"", ""train_0826"", ""train_0660"", ""train_1157"", ""train_0345"", ""train_0814"", ""train_0188"", ""train_0386"", ""train_1204"", ""train_0201"", ""train_1239"", ""train_0963"", ""train_0414""]",16
1,51,0.17481499910354614,3.471011161804199,6.052631578947369e-05,"[""train_0931"", ""train_0525"", ""train_1182"", ""train_0382"", ""train_0399"", ""train_1067"", ""train_1297"", ""train_1156"", ""train_0888"", ""train_0533"", ""train_0507"", ""train_0746"", ""train_0616"", ""train_1277"", ""train_0578"", ""train_0554""]",16
1,52,0.19336563348770142,3.6356558799743652,5.9649122807017544e-05,"[""train_0753"", ""train_0652"", ""train_0210"", ""train_1314"", ""train_0884"", ""train_0489"", ""train_0861"", ""train_0807"", ""train_0939"", ""train_0711"", ""train_0837"", ""train_0751"", ""train_1275"", ""train_0601"", ""train_0482"", ""train_0755""]",16
1,53,0.12598413228988647,3.446634292602539,5.877192982456141e-05,"[""train_0440"", ""train_1339"", ""train_0821"", ""train_0483"", ""train_1330"", ""train_1097"", ""train_1063"", ""train_0300"", ""train_0457"", ""train_0692"", ""train_1325"", ""train_0629"", ""train_0031"", ""train_0562"", ""train_1215"", ""train_0581""]",16
1,54,0.07275426387786865,3.0735578536987305,5.789473684210527e-05,"[""train_0056"", ""train_0204"", ""train_1035"", ""train_0522"", ""train_0839"", ""train_1433"", ""train_0501"", ""train_0020"", ""train_0813"", ""train_0893"", ""train_1013"", ""train_1163"", ""train_1210"", ""train_0510"", ""train_0257"", ""train_0213""]",16
1,55,1.4140628576278687,6.449219703674316,5.701754385964912e-05,"[""train_1092"", ""train_1158"", ""train_0630"", ""train_0389"", ""train_0577"", ""train_1355"", ""train_0909"", ""train_0400"", ""train_0320"", ""train_0633"", ""train_0160"", ""train_1018"", ""train_1349"", ""train_0324"", ""train_0155"", ""train_0651""]",16
1,56,1.1406254768371582,6.368679046630859,5.6140350877192984e-05,"[""train_0224"", ""train_0526"", ""train_1486"", ""train_0412"", ""train_0335"", ""train_1456"", ""train_0802"", ""train_0075"", ""train_0334"", ""train_1248"", ""train_0002"", ""train_1122"", ""train_0144"", ""train_0133"", ""train_0212"", ""train_1022""]",16
1,57,1.2734379768371582,4.616465091705322,5.526315789473685e-05,"[""train_1317"", ""train_0622"", ""train_0849"", ""train_0966"", ""train_1133"", ""train_0148"", ""train_0610"", ""train_0597"", ""train_1249"", ""train_0169"", ""train_0317"", ""train_1395"", ""train_1376"", ""train_0956"", ""train_0800"", ""train_0362""]",16
1,58,0.3320314884185791,4.509033679962158,5.438596491228071e-05,"[""train_0542"", ""train_0717"", ""train_0803"", ""train_0096"", ""train_0954"", ""train_0776"", ""train_0302"", ""train_0215"", ""train_1047"", ""train_1407"", ""train_0860"", ""train_0589"", ""train_1265"", ""train_0356"", ""train_0250"", ""train_0152""]",16
1,59,0.3886730670928955,4.9898176193237305,5.350877192982456e-05,"[""train_1284"", ""train_1045"", ""train_0307"", ""train_1208"", ""train_1242"", ""train_0285"", ""train_1137"", ""train_0600"", ""train_0585"", ""train_0397"", ""train_0794"", ""train_0447"", ""train_0874"", ""train_1010"", ""train_0935"", ""train_0754""]",16
1,60,0.04956120252609253,6.8350443840026855,5.2631578947368424e-05,"[""train_0555"", ""train_0643"", ""train_0177"", ""train_1256"", ""train_0190"", ""train_0833"", ""train_0316"", ""train_0205"", ""train_0780"", ""train_0469"", ""train_0672"", ""train_0303"", ""train_0786"", ""train_0758"", ""train_0408"", ""train_1206""]",16
1,61,1.4453128576278687,5.149673938751221,5.1754385964912286e-05,"[""train_0772"", ""train_0027"", ""train_0480"", ""train_0208"", ""train_0271"", ""train_0695"", ""train_0541"", ""train_0921"", ""train_1398"", ""train_1414"", ""train_0926"", ""train_0097"", ""train_0153"", ""train_0472"", ""train_0996"", ""train_0979""]",16
1,62,0.3144535422325134,3.963153600692749,5.087719298245615e-05,"[""train_1218"", ""train_1030"", ""train_0305"", ""train_1238"", ""train_0965"", ""train_0329"", ""train_0312"", ""train_1061"", ""train_1371"", ""train_0172"", ""train_1050"", ""train_0827"", ""train_1380"", ""train_0564"", ""train_0242"", ""train_0648""]",16
1,63,0.13671964406967163,4.050073623657227,5e-05,"[""train_0941"", ""train_0390"", ""train_1370"", ""train_0083"", ""train_0975"", ""train_1303"", ""train_0225"", ""train_1273"", ""train_0232"", ""train_0113"", ""train_0337"", ""train_1298"", ""train_0538"", ""train_0543"", ""train_1413"", ""train_0699""]",16
1,64,0.36132824420928955,4.634349346160889,4.912280701754386e-05,"[""train_1373"", ""train_1434"", ""train_1473"", ""train_0459"", ""train_0847"", ""train_0713"", ""train_1360"", ""train_0742"", ""train_0552"", ""train_0080"", ""train_0297"", ""train_1347"", ""train_1316"", ""train_0064"", ""train_0396"", ""train_0282""]",16
1,65,0.4355478286743164,4.4389753341674805,4.824561403508772e-05,"[""train_0727"", ""train_0677"", ""train_0792"", ""train_0082"", ""train_0719"", ""train_0179"", ""train_1449"", ""train_1214"", ""train_0111"", ""train_0640"", ""train_1311"", ""train_1103"", ""train_0527"", ""train_1203"", ""train_0255"", ""train_1405""]",16
1,66,0.37895917892456055,5.691161155700684,4.736842105263158e-05,"[""train_0523"", ""train_0150"", ""train_1168"", ""train_0982"", ""train_0366"", ""train_0767"", ""train_0845"", ""train_1305"", ""train_1169"", ""train_0065"", ""train_0978"", ""train_0165"", ""train_1220"", ""train_0948"", ""train_0673"", ""train_0025""]",16
1,67,0.8828127384185791,2.788992166519165,4.649122807017544e-05,"[""train_0532"", ""train_0012"", ""train_0264"", ""train_0553"", ""train_1467"", ""train_1338"", ""train_1020"", ""train_0768"", ""train_0897"", ""train_0653"", ""train_0352"", ""train_0180"", ""train_0346"", ""train_1393"", ""train_0705"", ""train_0791""]",16
1,68,0.8554691076278687,4.671379566192627,4.56140350877193e-05,"[""train_1322"", ""train_0220"", ""train_1272"", ""train_0336"", ""train_0126"", ""train_1233"", ""train_0760"", ""train_0363"", ""train_0132"", ""train_1145"", ""train_0932"", ""train_1080"", ""train_1221"", ""train_0435"", ""train_1109"", ""train_0284""]",16
1,69,0.1962900161743164,4.585607051849365,4.473684210526316e-05,"[""train_0656"", ""train_1446"", ""train_0724"", ""train_0580"", ""train_0592"", ""train_0471"", ""train_0448"", ""train_0693"", ""train_1021"", ""train_1117"", ""train_1055"", ""train_0910"", ""train_0596"", ""train_0961"", ""train_0638"", ""train_0401""]",16
1,70,0.5351572632789612,4.52115535736084,4.3859649122807014e-05,"[""train_0988"", ""train_1461"", ""train_1312"", ""train_1337"", ""train_0569"", ""train_0999"", ""train_0428"", ""train_0521"", ""train_1416"", ""train_0851"", ""train_1451"", ""train_1289"", ""train_0110"", ""train_0140"", ""train_1384"", ""train_0350""]",16
1,71,1.2187507152557373,3.6443071365356445,4.298245614035088e-05,"[""train_0013"", ""train_0825"", ""train_0434"", ""train_1452"", ""train_1468"", ""train_0494"", ""train_1419"", ""train_1006"", ""train_0940"", ""train_0840"", ""train_0223"", ""train_0777"", ""train_0621"", ""train_1076"", ""train_1460"", ""train_1131""]",16
1,72,0.8203131556510925,3.924286127090454,4.210526315789474e-05,"[""train_1082"", ""train_0856"", ""train_0325"", ""train_0714"", ""train_0122"", ""train_0328"", ""train_0895"", ""train_1154"", ""train_0667"", ""train_0627"", ""train_0422"", ""train_0321"", ""train_0281"", ""train_1056"", ""train_0492"", ""train_1402""]",16
1,73,0.0639653205871582,4.011186122894287,4.12280701754386e-05,"[""train_0668"", ""train_0047"", ""train_0575"", ""train_0298"", ""train_0214"", ""train_0011"", ""train_0846"", ""train_0797"", ""train_0977"", ""train_0498"", ""train_0666"", ""train_0876"", ""train_1108"", ""train_1436"", ""train_1126"", ""train_1324""]",16
1,74,1.8359401226043701,3.172966957092285,4.0350877192982455e-05,"[""train_0424"", ""train_0593"", ""train_1042"", ""train_1093"", ""train_0053"", ""train_0688"", ""train_1060"", ""train_1219"", ""train_0761"", ""train_1153"", ""train_0267"", ""train_1104"", ""train_0545"", ""train_1213"", ""train_0315"", ""train_0258""]",16
1,75,0.6601577401161194,5.18092679977417,3.9473684210526316e-05,"[""train_1362"", ""train_0314"", ""train_0460"", ""train_1342"", ""train_0452"", ""train_1222"", ""train_0354"", ""train_0181""]",8
2,76,0.37695789337158203,2.7227940559387207,3.859649122807018e-05,"[""train_0431"", ""train_1448"", ""train_1332"", ""train_0483"", ""train_0507"", ""train_0813"", ""train_0335"", ""train_0321"", ""train_0617"", ""train_1446"", ""train_1382"", ""train_0863"", ""train_0402"", ""train_1076"", ""train_0474"", ""train_1322""]",16
2,77,0.6171888113021851,2.510847568511963,3.771929824561404e-05,"[""train_1386"", ""train_1046"", ""train_1340"", ""train_0216"", ""train_0751"", ""train_0903"", ""train_0414"", ""train_0611"", ""train_0974"", ""train_0513"", ""train_0395"", ""train_0567"", ""train_0327"", ""train_0356"", ""train_1285"", ""train_0238""]",16
2,78,0.10742378234863281,2.7810559272766113,3.6842105263157895e-05,"[""train_0506"", ""train_1009"", ""train_0539"", ""train_1343"", ""train_0956"", ""train_1287"", ""train_0856"", ""train_0190"", ""train_1163"", ""train_0206"", ""train_0918"", ""train_0053"", ""train_1019"", ""train_0181"", ""train_1260"", ""train_0126""]",16
2,79,0.15625286102294922,2.4974870681762695,3.5964912280701756e-05,"[""train_0297"", ""train_1289"", ""train_0661"", ""train_0670"", ""train_0660"", ""train_0234"", ""train_1254"", ""train_1427"", ""train_1251"", ""train_0749"", ""train_0054"", ""train_1054"", ""train_0894"", ""train_0310"", ""train_0221"", ""train_0937""]",16
2,80,0.4257856607437134,2.594543218612671,3.508771929824561e-05,"[""train_0493"", ""train_0252"", ""train_0684"", ""train_0384"", ""train_0304"", ""train_1187"", ""train_1090"", ""train_1407"", ""train_1298"", ""train_1420"", ""train_0511"", ""train_0820"", ""train_1221"", ""train_1025"", ""train_1199"", ""train_1476""]",16
