video_path,exists,fps,total_frames,duration_seconds,decodes,error
/workspace/RoadBuddy/data/train/videos/001a9a8b_340_clip_006_0037_0046_Y.mp4,True,30.0,270,9.0,True,
/workspace/RoadBuddy/data/train/videos/00af5b3a_305_clip_003_0012_0018_N.mp4,True,30.0,180,6.0,True,
/workspace/RoadBuddy/data/train/videos/00b9d4a3_129_clip_002_0009_0015_N.mp4,True,30.0,180,6.0,True,
/workspace/RoadBuddy/data/train/videos/00e85ece_240_clip_011_0075_0081_Y.mp4,True,30.0,150,5.0,True,
/workspace/RoadBuddy/data/train/videos/01902620_182_clip_014_0097_0105_N.mp4,True,30.0,200,6.666666666666667,True,
/workspace/RoadBuddy/data/train/videos/01fa964e_401_clip_008_0050_0060_Y.mp4,True,30.0,300,10.0,True,
/workspace/RoadBuddy/data/train/videos/025f5543_545_clip_005_0025_0030_Y.mp4,True,30.0,150,5.0,True,
/workspace/RoadBuddy/data/train/videos/0279b6a6_238_clip_004_0025_0031_N.mp4,True,30.0,180,6.0,True,
/workspace/RoadBuddy/data/train/videos/02ed73ce_340_clip_007_0044_0053_Y.mp4,True,30.0,270,9.0,True,
/workspace/RoadBuddy/data/train/videos/03902c5d_100_clip_024_0158_0166_Y.mp4,True,30.0,200,6.666666666666667,True,
/workspace/RoadBuddy/data/train/videos/03cde2e3_322_clip_017_0123_0129_N.mp4,True,30.0,150,5.0,True,
/workspace/RoadBuddy/data/train/videos/04287378_447_clip_004_0023_0032_N.mp4,True,30.0,270,9.0,True,
/workspace/RoadBuddy/data/train/videos/04cc3ede_442_clip_002_0010_0020_N.mp4,True,30.0,300,10.0,True,
/workspace/RoadBuddy/data/train/videos/04d9145e_500_clip_024_0172_0180_Y.mp4,True,30.0,225,7.5,True,
/workspace/RoadBuddy/data/train/videos/05eee1d4_553_clip_019_0134_0139_Y.mp4,True,30.0,125,4.166666666666667,True,
/workspace/RoadBuddy/data/train/videos/0640be0f_305_clip_002_0006_0013_N.mp4,True,30.0,210,7.0,True,
/workspace/RoadBuddy/data/train/videos/0658663a_447_clip_008_0049_0060_N.mp4,True,30.0,330,11.0,True,
/workspace/RoadBuddy/data/train/videos/06998731_401_clip_001_0000_0009_Y.mp4,True,30.0,270,9.0,True,
/workspace/RoadBuddy/data/train/videos/07374c86_462_clip_021_0163_0173_Y.mp4,True,30.0,275,9.166666666666666,True,
/workspace/RoadBuddy/data/train/videos/07a0ca6e_340_clip_002_0008_0017_Y.mp4,True,30.0,270,9.0,True,
/workspace/RoadBuddy/data/train/videos/07d924ce_401_clip_001_0000_0006_Y.mp4,True,30.0,180,6.0,True,
/workspace/RoadBuddy/data/train/videos/097a1e10_238_clip_006_0034_0040_Y.mp4,True,30.0,180,6.0,True,
/workspace/RoadBuddy/data/train/videos/0ad45230_447_clip_006_0031_0037_N.mp4,True,30.0,180,6.0,True,
/workspace/RoadBuddy/data/train/videos/0b599562_495_clip_003_0020_0027_Y.mp4,True,30.0,210,7.0,True,
/workspace/RoadBuddy/data/train/videos/0b990034_129_clip_007_0046_0055_N.mp4,True,30.0,270,9.0,True,
/workspace/RoadBuddy/data/train/videos/0ba078e8_179_clip_007_0050_0060_Y.mp4,True,30.0,300,10.0,True,
/workspace/RoadBuddy/data/train/videos/0bc61066_545_clip_007_0043_0053_Y.mp4,True,30.0,300,10.0,True,
/workspace/RoadBuddy/data/train/videos/0cdf742b_100_clip_011_0070_0080_Y.mp4,True,30.0,250,8.333333333333334,True,
/workspace/RoadBuddy/data/train/videos/0d270659_144_clip_005_0031_0038_Y.mp4,True,30.0,210,7.0,True,
/workspace/RoadBuddy/data/train/videos/0d6a05b3_086_clip_012_0088_0096_N.mp4,True,30.0,200,6.666666666666667,True,
/workspace/RoadBuddy/data/train/videos/0da23e5c_495_clip_017_0119_0127_Y.mp4,True,30.0,200,6.666666666666667,True,
/workspace/RoadBuddy/data/train/videos/0db95301_238_clip_002_0006_0011_Y.mp4,True,30.0,150,5.0,True,
/workspace/RoadBuddy/data/train/videos/0e614bcd_462_clip_014_0104_0112_Y.mp4,True,30.0,200,6.666666666666667,True,
/workspace/RoadBuddy/data/train/videos/0e9058b6_015_clip_009_0057_0065_N.mp4,True,30.0,200,6.666666666666667,True,
/workspace/RoadBuddy/data/train/videos/0ea2622b_447_clip_004_0020_0027_N.mp4,True,30.0,210,7.0,True,
/workspace/RoadBuddy/data/train/videos/0ed42f1a_442_clip_004_0025_0035_N.mp4,True,30.0,300,10.0,True,
/workspace/RoadBuddy/data/train/videos/0f02bad0_004_clip_021_0141_0147_Y.mp4,True,30.0,150,5.0,True,
/workspace/RoadBuddy/data/train/videos/10d08d11_240_clip_006_0033_0042_Y.mp4,True,30.0,225,7.5,True,
/workspace/RoadBuddy/data/train/videos/112fa612_202_clip_003_0013_0020_N.mp4,True,30.0,175,5.833333333333333,True,
/workspace/RoadBuddy/data/train/videos/117b355b_345_clip_018_0128_0137_Y.mp4,True,30.0,225,7.5,True,
/workspace/RoadBuddy/data/train/videos/1247ea4e_015_clip_017_0112_0117_Y.mp4,True,30.0,125,4.166666666666667,True,
/workspace/RoadBuddy/data/train/videos/12738a23_340_clip_009_0055_0060_Y.mp4,True,30.0,150,5.0,True,
/workspace/RoadBuddy/data/train/videos/12922f83_164_clip_003_0013_0020_Y.mp4,True,30.0,175,5.833333333333333,True,
/workspace/RoadBuddy/data/train/videos/12a4def0_401_clip_002_0007_0016_Y.mp4,True,30.0,270,9.0,True,
/workspace/RoadBuddy/data/train/videos/12e153a6_447_clip_003_0014_0019_N.mp4,True,30.0,150,5.0,True,
/workspace/RoadBuddy/data/train/videos/1337739e_238_clip_001_0000_0005_Y.mp4,True,30.0,150,5.0,True,
/workspace/RoadBuddy/data/train/videos/13c11754_100_clip_003_0014_0023_Y.mp4,True,30.0,225,7.5,True,
/workspace/RoadBuddy/data/train/videos/144823f7_179_clip_005_0024_0033_Y.mp4,True,30.0,270,9.0,True,
/workspace/RoadBuddy/data/train/videos/14aeaf5c_136_clip_008_0052_0060_N.mp4,True,30.0,240,8.0,True,
/workspace/RoadBuddy/data/train/videos/15eabb27_442_clip_001_0000_0010_N.mp4,True,30.0,300,10.0,True,
/workspace/RoadBuddy/data/train/videos/161237c9_442_clip_001_0000_0010_N.mp4,True,30.0,300,10.0,True,
/workspace/RoadBuddy/data/train/videos/1634725b_202_clip_011_0076_0082_Y.mp4,True,30.0,150,5.0,True,
/workspace/RoadBuddy/data/train/videos/168fae12_401_clip_005_0028_0034_Y.mp4,True,30.0,180,6.0,True,
/workspace/RoadBuddy/data/train/videos/176132ed_525_clip_018_0134_0141_Y.mp4,True,30.0,175,5.833333333333333,True,
/workspace/RoadBuddy/data/train/videos/17dc8eff_179_clip_008_0051_0060_Y.mp4,True,30.0,270,9.0,True,
/workspace/RoadBuddy/data/train/videos/17dded81_495_clip_012_0082_0090_N.mp4,True,30.0,200,6.666666666666667,True,
/workspace/RoadBuddy/data/train/videos/18e19331_557_clip_021_0141_0148_Y.mp4,True,30.0,175,5.833333333333333,True,
/workspace/RoadBuddy/data/train/videos/19db3ad0_340_clip_007_0041_0046_Y.mp4,True,30.0,150,5.0,True,
/workspace/RoadBuddy/data/train/videos/1bac27a7_129_clip_008_0051_0060_N.mp4,True,30.0,270,9.0,True,
/workspace/RoadBuddy/data/train/videos/1c221cea_545_clip_008_0047_0052_Y.mp4,True,30.0,150,5.0,True,
/workspace/RoadBuddy/data/train/videos/1c8eaee9_447_clip_006_0032_0038_N.mp4,True,30.0,180,6.0,True,
/workspace/RoadBuddy/data/train/videos/1cd66b09_305_clip_006_0043_0053_N.mp4,True,30.0,300,10.0,True,
/workspace/RoadBuddy/data/train/videos/1d7c0098_553_clip_010_0068_0077_N.mp4,True,30.0,225,7.5,True,
/workspace/RoadBuddy/data/train/videos/1e6a6628_094_clip_017_0122_0131_Y.mp4,True,30.0,225,7.5,True,
/workspace/RoadBuddy/data/train/videos/1f4a8ca1_340_clip_001_0000_0006_Y.mp4,True,30.0,180,6.0,True,
/workspace/RoadBuddy/data/train/videos/1f652a87_447_clip_005_0027_0034_N.mp4,True,30.0,210,7.0,True,
/workspace/RoadBuddy/data/train/videos/20a04502_100_clip_009_0052_0061_Y.mp4,True,30.0,225,7.5,True,
/workspace/RoadBuddy/data/train/videos/22bae10e_129_clip_003_0011_0020_N.mp4,True,30.0,270,9.0,True,
/workspace/RoadBuddy/data/train/videos/23245211_035_clip_008_0051_0060_Y.mp4,True,30.0,270,9.0,True,
/workspace/RoadBuddy/data/train/videos/2339ba19_386_clip_005_0032_0039_Y.mp4,True,30.0,210,7.0,True,
/workspace/RoadBuddy/data/train/videos/236c7b87_277_clip_014_0088_0098_Y.mp4,True,30.0,250,8.333333333333334,True,
/workspace/RoadBuddy/data/train/videos/23ff23d3_015_clip_007_0043_0051_N.mp4,True,30.0,200,6.666666666666667,True,
/workspace/RoadBuddy/data/train/videos/24a35cf2_129_clip_006_0032_0040_N.mp4,True,30.0,240,8.0,True,
/workspace/RoadBuddy/data/train/videos/25440fe0_033_clip_001_0000_0007_N.mp4,True,30.0,210,7.0,True,
/workspace/RoadBuddy/data/train/videos/25e97977_179_clip_007_0039_0047_Y.mp4,True,30.0,240,8.0,True,
/workspace/RoadBuddy/data/train/videos/26a524e3_129_clip_005_0030_0036_N.mp4,True,30.0,180,6.0,True,
/workspace/RoadBuddy/data/train/videos/26c432f6_136_clip_002_0007_0012_Y.mp4,True,30.0,150,5.0,True,
/workspace/RoadBuddy/data/train/videos/272c0588_202_clip_013_0087_0093_Y.mp4,True,30.0,150,5.0,True,
/workspace/RoadBuddy/data/train/videos/27794685_554_clip_005_0030_0040_N.mp4,True,30.0,300,10.0,True,
/workspace/RoadBuddy/data/train/videos/2784378f_495_clip_001_0000_0010_Y.mp4,True,30.0,300,10.0,True,
/workspace/RoadBuddy/data/train/videos/27a0c3d7_129_clip_008_0045_0054_N.mp4,True,30.0,270,9.0,True,
/workspace/RoadBuddy/data/train/videos/27cd8130_136_clip_004_0020_0028_Y.mp4,True,30.0,240,8.0,True,
/workspace/RoadBuddy/data/train/videos/2834e4c0_322_clip_020_0143_0153_Y.mp4,True,30.0,250,8.333333333333334,True,
/workspace/RoadBuddy/data/train/videos/284d82e5_238_clip_003_0012_0020_Y.mp4,True,30.0,240,8.0,True,
/workspace/RoadBuddy/data/train/videos/28711733_447_clip_007_0041_0050_N.mp4,True,30.0,270,9.0,True,
/workspace/RoadBuddy/data/train/videos/288b78b5_238_clip_008_0043_0052_Y.mp4,True,30.0,270,9.0,True,
/workspace/RoadBuddy/data/train/videos/2999bbef_447_clip_002_0007_0013_N.mp4,True,30.0,180,6.0,True,
/workspace/RoadBuddy/data/train/videos/29d4beef_442_clip_003_0016_0025_N.mp4,True,30.0,270,9.0,True,
/workspace/RoadBuddy/data/train/videos/2a26f770_340_clip_004_0020_0029_Y.mp4,True,30.0,270,9.0,True,
/workspace/RoadBuddy/data/train/videos/2a935d62_307_clip_001_0000_0005_Y.mp4,True,30.0,150,5.0,True,
/workspace/RoadBuddy/data/train/videos/2b840c67_386_clip_002_0008_0018_Y.mp4,True,30.0,300,10.0,True,
/workspace/RoadBuddy/data/train/videos/2c9b662e_179_clip_002_0005_0015_Y.mp4,True,30.0,300,10.0,True,
/workspace/RoadBuddy/data/train/videos/2cabd7e7_238_clip_001_0000_0005_Y.mp4,True,30.0,150,5.0,True,
/workspace/RoadBuddy/data/train/videos/2cd10b9f_442_clip_003_0017_0024_N.mp4,True,30.0,210,7.0,True,
/workspace/RoadBuddy/data/train/videos/2cf6bf75_305_clip_003_0018_0025_N.mp4,True,30.0,210,7.0,True,
/workspace/RoadBuddy/data/train/videos/2e2fbf77_495_clip_008_0039_0047_Y.mp4,True,30.0,240,8.0,True,
/workspace/RoadBuddy/data/train/videos/2e8d0e87_462_clip_019_0150_0157_Y.mp4,True,30.0,200,6.666666666666667,True,
/workspace/RoadBuddy/data/train/videos/2f65fafa_345_clip_003_0015_0025_N.mp4,True,30.0,250,8.333333333333334,True,
/workspace/RoadBuddy/data/train/videos/2faabe0b_545_clip_006_0042_0050_Y.mp4,True,30.0,240,8.0,True,
/workspace/RoadBuddy/data/train/videos/30beb45f_545_clip_004_0022_0027_Y.mp4,True,30.0,150,5.0,True,
/workspace/RoadBuddy/data/train/videos/30ec2796_094_clip_011_0075_0081_N.mp4,True,30.0,150,5.0,True,
/workspace/RoadBuddy/data/train/videos/314d3441_238_clip_005_0029_0039_Y.mp4,True,30.0,300,10.0,True,
/workspace/RoadBuddy/data/train/videos/3170f437_442_clip_001_0000_0007_N.mp4,True,30.0,210,7.0,True,
/workspace/RoadBuddy/data/train/videos/31d4ee09_193_clip_006_0035_0040_Y.mp4,True,30.0,150,5.0,True,
/workspace/RoadBuddy/data/train/videos/32fa2de8_193_clip_006_0042_0047_Y.mp4,True,30.0,150,5.0,True,
/workspace/RoadBuddy/data/train/videos/343ada2a_442_clip_008_0055_0060_N.mp4,True,30.0,150,5.0,True,
/workspace/RoadBuddy/data/train/videos/362f5e5c_202_clip_015_0098_0103_Y.mp4,True,25.0,125,5.0,True,
/workspace/RoadBuddy/data/train/videos/36760ce5_544_clip_006_0033_0038_Y.mp4,True,30.0,150,5.0,True,
/workspace/RoadBuddy/data/train/videos/382c043f_545_clip_012_0082_0092_Y.mp4,True,30.0,250,8.333333333333334,True,
/workspace/RoadBuddy/data/train/videos/38602ab6_004_clip_025_0167_0179_Y.mp4,True,30.0,300,10.0,True,
/workspace/RoadBuddy/data/train/videos/386ecbe0_545_clip_015_0108_0118_Y.mp4,True,30.0,250,8.333333333333334,True,
/workspace/RoadBuddy/data/train/videos/38ba8abc_179_clip_008_0051_0060_Y.mp4,True,30.0,270,9.0,True,
/workspace/RoadBuddy/data/train/videos/38f16a81_442_clip_004_0020_0028_N.mp4,True,30.0,240,8.0,True,
/workspace/RoadBuddy/data/train/videos/392456de_554_clip_004_0016_0025_N.mp4,True,30.0,270,9.0,True,
/workspace/RoadBuddy/data/train/videos/3985c3cf_193_clip_001_0000_0007_Y.mp4,True,30.0,210,7.0,True,
/workspace/RoadBuddy/data/train/videos/3a7e8e14_179_clip_005_0028_0037_Y.mp4,True,30.0,270,9.0,True,
/workspace/RoadBuddy/data/train/videos/3b33f3d8_179_clip_005_0032_0040_Y.mp4,True,30.0,240,8.0,True,
/workspace/RoadBuddy/data/train/videos/3b4206c5_238_clip_003_0017_0026_Y.mp4,True,30.0,270,9.0,True,
/workspace/RoadBuddy/data/train/videos/3c4b1eec_238_clip_009_0054_0060_Y.mp4,True,30.0,180,6.0,True,
/workspace/RoadBuddy/data/train/videos/3c7c1d85_164_clip_004_0020_0026_Y.mp4,True,30.0,150,5.0,True,
/workspace/RoadBuddy/data/train/videos/3cb98350_545_clip_020_0148_0158_Y.mp4,True,30.0,250,8.333333333333334,True,
/workspace/RoadBuddy/data/train/videos/3e49fd09_442_clip_002_0010_0020_N.mp4,True,30.0,300,10.0,True,
/workspace/RoadBuddy/data/train/videos/3e652603_545_clip_005_0027_0037_Y.mp4,True,30.0,300,10.0,True,
/workspace/RoadBuddy/data/train/videos/3f1be0d0_129_clip_003_0015_0022_N.mp4,True,30.0,210,7.0,True,
/workspace/RoadBuddy/data/train/videos/3f800385_340_clip_009_0053_0060_Y.mp4,True,30.0,210,7.0,True,
/workspace/RoadBuddy/data/train/videos/40066ff2_442_clip_007_0046_0055_N.mp4,True,30.0,270,9.0,True,
/workspace/RoadBuddy/data/train/videos/40181c6e_495_clip_002_0010_0020_Y.mp4,True,30.0,300,10.0,True,
/workspace/RoadBuddy/data/train/videos/40d92bce_006_clip_003_0014_0019_Y.mp4,True,30.0,150,5.0,True,
/workspace/RoadBuddy/data/train/videos/4104a8b5_100_clip_018_0122_0128_N.mp4,True,30.0,150,5.0,True,
/workspace/RoadBuddy/data/train/videos/41357e8c_340_clip_003_0012_0022_Y.mp4,True,30.0,300,10.0,True,
/workspace/RoadBuddy/data/train/videos/41843b03_034_clip_005_0025_0032_Y.mp4,True,30.0,210,7.0,True,
/workspace/RoadBuddy/data/train/videos/42c2d2eb_545_clip_014_0100_0108_Y.mp4,True,30.0,200,6.666666666666667,True,
/workspace/RoadBuddy/data/train/videos/430f801d_033_clip_005_0031_0037_N.mp4,True,30.0,180,6.0,True,
/workspace/RoadBuddy/data/train/videos/43e42caf_345_clip_013_0091_0099_Y.mp4,True,30.0,200,6.666666666666667,True,
/workspace/RoadBuddy/data/train/videos/43f59a85_495_clip_003_0014_0024_Y.mp4,True,30.0,300,10.0,True,
/workspace/RoadBuddy/data/train/videos/444d610b_129_clip_007_0048_0060_N.mp4,True,30.0,360,12.0,True,
/workspace/RoadBuddy/data/train/videos/448aaa9e_136_clip_001_0000_0007_N.mp4,True,30.0,210,7.0,True,
/workspace/RoadBuddy/data/train/videos/44b591f7_240_clip_003_0014_0021_Y.mp4,True,30.0,175,5.833333333333333,True,
/workspace/RoadBuddy/data/train/videos/458f1f19_129_clip_007_0050_0060_N.mp4,True,30.0,300,10.0,True,
/workspace/RoadBuddy/data/train/videos/45a88829_554_clip_005_0032_0039_N.mp4,True,30.0,210,7.0,True,
/workspace/RoadBuddy/data/train/videos/45b89cd9_345_clip_010_0064_0073_Y.mp4,True,30.0,225,7.5,True,
/workspace/RoadBuddy/data/train/videos/45d5a68d_094_clip_024_0167_0172_Y.mp4,True,30.0,125,4.166666666666667,True,
/workspace/RoadBuddy/data/train/videos/45ee432d_340_clip_002_0007_0013_N.mp4,True,30.0,180,6.0,True,
/workspace/RoadBuddy/data/train/videos/45ff2c83_129_clip_002_0010_0019_N.mp4,True,30.0,270,9.0,True,
/workspace/RoadBuddy/data/train/videos/46015028_322_clip_018_0129_0138_N.mp4,True,30.0,225,7.5,True,
/workspace/RoadBuddy/data/train/videos/4639447b_179_clip_004_0020_0028_Y.mp4,True,30.0,240,8.0,True,
/workspace/RoadBuddy/data/train/videos/464458b4_386_clip_006_0039_0048_Y.mp4,True,30.0,270,9.0,True,
/workspace/RoadBuddy/data/train/videos/464c04af_238_clip_003_0015_0025_Y.mp4,True,30.0,300,10.0,True,
/workspace/RoadBuddy/data/train/videos/46d483f3_401_clip_001_0000_0007_Y.mp4,True,30.0,210,7.0,True,
/workspace/RoadBuddy/data/train/videos/47294739_495_clip_009_0059_0064_N.mp4,True,30.0,125,4.166666666666667,True,
/workspace/RoadBuddy/data/train/videos/474ebc19_401_clip_001_0000_0006_Y.mp4,True,30.0,180,6.0,True,
/workspace/RoadBuddy/data/train/videos/4774bc58_401_clip_004_0021_0028_Y.mp4,True,30.0,210,7.0,True,
/workspace/RoadBuddy/data/train/videos/486bb6bf_129_clip_008_0052_0060_N.mp4,True,30.0,240,8.0,True,
/workspace/RoadBuddy/data/train/videos/48d90846_004_clip_009_0051_0060_Y.mp4,True,30.0,225,7.5,True,
/workspace/RoadBuddy/data/train/videos/49e2623d_305_clip_004_0026_0036_N.mp4,True,30.0,300,10.0,True,
/workspace/RoadBuddy/data/train/videos/4a5b1aff_202_clip_012_0082_0087_Y.mp4,True,30.0,125,4.166666666666667,True,
/workspace/RoadBuddy/data/train/videos/4a8ff810_544_clip_001_0000_0005_Y.mp4,True,30.0,150,5.0,True,
/workspace/RoadBuddy/data/train/videos/4b1a269b_277_clip_004_0020_0029_Y.mp4,True,30.0,225,7.5,True,
/workspace/RoadBuddy/data/train/videos/4b1f0d7b_034_clip_004_0018_0025_Y.mp4,True,30.0,210,7.0,True,
/workspace/RoadBuddy/data/train/videos/4bf50b52_401_clip_004_0021_0029_Y.mp4,True,30.0,240,8.0,True,
/workspace/RoadBuddy/data/train/videos/4c24a053_305_clip_005_0028_0038_N.mp4,True,30.0,300,10.0,True,
/workspace/RoadBuddy/data/train/videos/4cbf131d_164_clip_013_0085_0090_Y.mp4,True,30.0,150,5.0,True,
/workspace/RoadBuddy/data/train/videos/4ccc9bc2_033_clip_003_0014_0021_N.mp4,True,30.0,210,7.0,True,
/workspace/RoadBuddy/data/train/videos/4d183eba_340_clip_004_0023_0033_Y.mp4,True,30.0,300,10.0,True,
/workspace/RoadBuddy/data/train/videos/4dc82a1e_345_clip_012_0081_0091_Y.mp4,True,30.0,250,8.333333333333334,True,
/workspace/RoadBuddy/data/train/videos/4e76833a_545_clip_016_0118_0124_Y.mp4,True,30.0,150,5.0,True,
/workspace/RoadBuddy/data/train/videos/4eb93eff_063_clip_006_0036_0046_N.mp4,True,30.0,300,10.0,True,
/workspace/RoadBuddy/data/train/videos/4eea04e7_340_clip_005_0032_0037_Y.mp4,True,30.0,150,5.0,True,
/workspace/RoadBuddy/data/train/videos/4efc8248_129_clip_007_0040_0045_N.mp4,True,30.0,150,5.0,True,
/workspace/RoadBuddy/data/train/videos/4f2dad3f_305_clip_007_0053_0060_N.mp4,True,30.0,210,7.0,True,
/workspace/RoadBuddy/data/train/videos/4f76e388_442_clip_002_0007_0016_N.mp4,True,30.0,270,9.0,True,
/workspace/RoadBuddy/data/train/videos/4fcca39a_100_clip_009_0064_0073_Y.mp4,True,30.0,225,7.5,True,
/workspace/RoadBuddy/data/train/videos/500e15c0_034_clip_004_0025_0035_Y.mp4,True,30.0,300,10.0,True,
/workspace/RoadBuddy/data/train/videos/5129950d_495_clip_001_0000_0005_Y.mp4,True,30.0,150,5.0,True,
/workspace/RoadBuddy/data/train/videos/51b1943c_086_clip_023_0172_0179_Y.mp4,True,30.0,175,5.833333333333333,True,
/workspace/RoadBuddy/data/train/videos/52fbe43b_006_clip_002_0007_0014_Y.mp4,True,30.0,210,7.0,True,
/workspace/RoadBuddy/data/train/videos/532401fc_305_clip_004_0025_0035_N.mp4,True,30.0,300,10.0,True,
/workspace/RoadBuddy/data/train/videos/5408f9ac_179_clip_001_0000_0007_Y.mp4,True,30.0,210,7.0,True,
/workspace/RoadBuddy/data/train/videos/546e035a_033_clip_004_0024_0032_N.mp4,True,30.0,240,8.0,True,
/workspace/RoadBuddy/data/train/videos/54f90429_345_clip_007_0041_0047_N.mp4,True,30.0,150,5.0,True,
/workspace/RoadBuddy/data/train/videos/551ff086_447_clip_008_0050_0055_N.mp4,True,30.0,150,5.0,True,
/workspace/RoadBuddy/data/train/videos/55cee5db_277_clip_009_0055_0061_Y.mp4,True,30.0,150,5.0,True,
/workspace/RoadBuddy/data/train/videos/562b0f79_461_clip_025_0174_0180_Y.mp4,True,30.0,150,5.0,True,
/workspace/RoadBuddy/data/train/videos/568cc69b_545_clip_002_0006_0015_Y.mp4,True,30.0,270,9.0,True,
/workspace/RoadBuddy/data/train/videos/56febfb9_100_clip_001_0000_0007_Y.mp4,True,30.0,175,5.833333333333333,True,
/workspace/RoadBuddy/data/train/videos/571aa876_403_clip_008_0044_0053_Y.mp4,True,30.0,270,9.0,True,
/workspace/RoadBuddy/data/train/videos/57207246_401_clip_003_0013_0020_Y.mp4,True,30.0,210,7.0,True,
/workspace/RoadBuddy/data/train/videos/58321ee4_447_clip_008_0043_0052_N.mp4,True,30.0,270,9.0,True,
/workspace/RoadBuddy/data/train/videos/5844f9fc_035_clip_002_0007_0012_Y.mp4,True,30.0,150,5.0,True,
/workspace/RoadBuddy/data/train/videos/598ddaec_179_clip_004_0024_0029_Y.mp4,True,30.0,150,5.0,True,
/workspace/RoadBuddy/data/train/videos/59970043_129_clip_002_0008_0017_N.mp4,True,30.0,270,9.0,True,
/workspace/RoadBuddy/data/train/videos/59fefbbc_305_clip_004_0026_0032_N.mp4,True,30.0,180,6.0,True,
/workspace/RoadBuddy/data/train/videos/5a057c11_447_clip_002_0010_0017_N.mp4,True,30.0,210,7.0,True,
/workspace/RoadBuddy/data/train/videos/5a0cdd7c_238_clip_005_0034_0042_Y.mp4,True,30.0,240,8.0,True,
/workspace/RoadBuddy/data/train/videos/5a575539_100_clip_024_0171_0179_Y.mp4,True,30.0,200,6.666666666666667,True,
/workspace/RoadBuddy/data/train/videos/5cd33369_403_clip_007_0038_0044_Y.mp4,True,30.0,180,6.0,True,
/workspace/RoadBuddy/data/train/videos/5d3d9e56_100_clip_025_0166_0172_Y.mp4,True,30.0,150,5.0,True,
/workspace/RoadBuddy/data/train/videos/5da36f1b_015_clip_024_0154_0164_Y.mp4,True,30.0,250,8.333333333333334,True,
/workspace/RoadBuddy/data/train/videos/5dc7b3e6_183_clip_007_0041_0050_Y.mp4,True,30.0,270,9.0,True,
/workspace/RoadBuddy/data/train/videos/5e187b24_277_clip_011_0068_0077_N.mp4,True,30.0,225,7.5,True,
/workspace/RoadBuddy/data/train/videos/5e4cb287_238_clip_003_0017_0026_Y.mp4,True,30.0,270,9.0,True,
/workspace/RoadBuddy/data/train/videos/5e70f65f_401_clip_007_0045_0055_Y.mp4,True,30.0,300,10.0,True,
/workspace/RoadBuddy/data/train/videos/5ebbcca5_144_clip_004_0023_0031_Y.mp4,True,30.0,240,8.0,True,
/workspace/RoadBuddy/data/train/videos/5ec42e08_094_clip_023_0160_0167_Y.mp4,True,30.0,175,5.833333333333333,True,
/workspace/RoadBuddy/data/train/videos/5edb0d3c_240_clip_025_0172_0180_Y.mp4,True,30.0,200,6.666666666666667,True,
/workspace/RoadBuddy/data/train/videos/5eddbbbf_193_clip_004_0022_0029_Y.mp4,True,30.0,210,7.0,True,
/workspace/RoadBuddy/data/train/videos/6070b6a1_004_clip_020_0133_0141_Y.mp4,True,30.0,200,6.666666666666667,True,
/workspace/RoadBuddy/data/train/videos/610e6a64_554_clip_007_0049_0060_N.mp4,True,30.0,330,11.0,True,
/workspace/RoadBuddy/data/train/videos/6123fdf7_179_clip_003_0016_0022_N.mp4,True,30.0,180,6.0,True,
/workspace/RoadBuddy/data/train/videos/6232b17a_545_clip_023_0168_0180_Y.mp4,True,30.0,300,10.0,True,
/workspace/RoadBuddy/data/train/videos/62fb26d7_033_clip_007_0042_0047_N.mp4,True,30.0,150,5.0,True,
/workspace/RoadBuddy/data/train/videos/64575bc4_238_clip_003_0015_0020_Y.mp4,True,30.0,150,5.0,True,
/workspace/RoadBuddy/data/train/videos/65e58f34_401_clip_009_0054_0060_Y.mp4,True,30.0,180,6.0,True,
/workspace/RoadBuddy/data/train/videos/663f1c97_129_clip_004_0025_0034_N.mp4,True,30.0,270,9.0,True,
/workspace/RoadBuddy/data/train/videos/668c8477_553_clip_021_0148_0153_Y.mp4,True,30.0,125,4.166666666666667,True,
/workspace/RoadBuddy/data/train/videos/6699cd99_495_clip_008_0047_0053_Y.mp4,True,30.0,180,6.0,True,
/workspace/RoadBuddy/data/train/videos/66d06371_545_clip_004_0024_0030_Y.mp4,True,30.0,180,6.0,True,
/workspace/RoadBuddy/data/train/videos/692e07b6_401_clip_005_0032_0041_Y.mp4,True,30.0,270,9.0,True,
/workspace/RoadBuddy/data/train/videos/69ca97d2_545_clip_007_0047_0052_N.mp4,True,30.0,125,4.166666666666667,True,
/workspace/RoadBuddy/data/train/videos/6a39aaa6_238_clip_005_0033_0043_Y.mp4,True,30.0,300,10.0,True,
/workspace/RoadBuddy/data/train/videos/6aa42c9f_238_clip_005_0025_0034_Y.mp4,True,30.0,270,9.0,True,
/workspace/RoadBuddy/data/train/videos/6c006f61_033_clip_002_0010_0017_N.mp4,True,30.0,210,7.0,True,
/workspace/RoadBuddy/data/train/videos/6c031199_401_clip_009_0051_0060_Y.mp4,True,30.0,270,9.0,True,
/workspace/RoadBuddy/data/train/videos/6cd5e859_299_clip_021_0159_0167_Y.mp4,True,30.0,200,6.666666666666667,True,
/workspace/RoadBuddy/data/train/videos/6cd66193_240_clip_010_0068_0075_Y.mp4,True,30.0,175,5.833333333333333,True,
/workspace/RoadBuddy/data/train/videos/6d4067f4_305_clip_003_0018_0026_N.mp4,True,30.0,240,8.0,True,
/workspace/RoadBuddy/data/train/videos/6de299a1_277_clip_001_0000_0007_Y.mp4,True,30.0,175,5.833333333333333,True,
/workspace/RoadBuddy/data/train/videos/6e51484d_386_clip_008_0053_0060_N.mp4,True,30.0,210,7.0,True,
/workspace/RoadBuddy/data/train/videos/6e595ed3_202_clip_009_0056_0066_Y.mp4,True,30.0,250,8.333333333333334,True,
/workspace/RoadBuddy/data/train/videos/6f3f920c_034_clip_002_0008_0016_Y.mp4,True,30.0,240,8.0,True,
/workspace/RoadBuddy/data/train/videos/6f7c15ea_182_clip_005_0032_0040_Y.mp4,True,30.0,200,6.666666666666667,True,
/workspace/RoadBuddy/data/train/videos/700b5d5f_447_clip_001_0000_0006_N.mp4,True,30.0,180,6.0,True,
/workspace/RoadBuddy/data/train/videos/7089fc6d_447_clip_008_0053_0060_N.mp4,True,30.0,210,7.0,True,
/workspace/RoadBuddy/data/train/videos/70b7e868_447_clip_006_0039_0045_N.mp4,True,30.0,180,6.0,True,
/workspace/RoadBuddy/data/train/videos/723ef466_495_clip_001_0000_0006_Y.mp4,True,30.0,180,6.0,True,
/workspace/RoadBuddy/data/train/videos/72ecf16e_164_clip_025_0164_0174_N.mp4,True,30.0,275,9.166666666666666,True,
/workspace/RoadBuddy/data/train/videos/73318749_094_clip_015_0108_0117_Y.mp4,True,30.0,225,7.5,True,
/workspace/RoadBuddy/data/train/videos/73b0a091_340_clip_004_0020_0025_Y.mp4,True,30.0,150,5.0,True,
/workspace/RoadBuddy/data/train/videos/74188109_033_clip_006_0040_0045_N.mp4,True,30.0,150,5.0,True,
/workspace/RoadBuddy/data/train/videos/7421ff46_034_clip_003_0013_0018_Y.mp4,True,30.0,150,5.0,True,
/workspace/RoadBuddy/data/train/videos/74685b98_179_clip_003_0014_0024_Y.mp4,True,30.0,300,10.0,True,
/workspace/RoadBuddy/data/train/videos/746cdb77_461_clip_014_0092_0102_Y.mp4,True,30.0,250,8.333333333333334,True,
/workspace/RoadBuddy/data/train/videos/746f7891_545_clip_001_0000_0008_Y.mp4,True,30.0,240,8.0,True,
/workspace/RoadBuddy/data/train/videos/747b6dba_495_clip_007_0032_0039_Y.mp4,True,30.0,210,7.0,True,
/workspace/RoadBuddy/data/train/videos/74daaebf_345_clip_008_0047_0054_Y.mp4,True,30.0,175,5.833333333333333,True,
/workspace/RoadBuddy/data/train/videos/74f93d17_238_clip_002_0006_0015_Y.mp4,True,30.0,270,9.0,True,
/workspace/RoadBuddy/data/train/videos/750565f5_033_clip_004_0024_0031_N.mp4,True,30.0,210,7.0,True,
/workspace/RoadBuddy/data/train/videos/752a7d25_462_clip_003_0015_0021_Y.mp4,True,30.0,150,5.0,True,
/workspace/RoadBuddy/data/train/videos/757750a9_495_clip_009_0053_0060_Y.mp4,True,30.0,210,7.0,True,
/workspace/RoadBuddy/data/train/videos/7631de9d_179_clip_005_0029_0035_Y.mp4,True,30.0,180,6.0,True,
/workspace/RoadBuddy/data/train/videos/776abf09_495_clip_016_0113_0119_Y.mp4,True,30.0,150,5.0,True,
/workspace/RoadBuddy/data/train/videos/797ebe87_462_clip_022_0173_0180_N.mp4,True,30.0,200,6.666666666666667,True,
/workspace/RoadBuddy/data/train/videos/7aa4f052_442_clip_007_0047_0054_N.mp4,True,30.0,210,7.0,True,
/workspace/RoadBuddy/data/train/videos/7bb38605_447_clip_005_0027_0032_N.mp4,True,30.0,150,5.0,True,
/workspace/RoadBuddy/data/train/videos/7bf7e1d3_277_clip_007_0042_0049_Y.mp4,True,30.0,175,5.833333333333333,True,
/workspace/RoadBuddy/data/train/videos/7c7c404e_495_clip_002_0007_0016_Y.mp4,True,30.0,270,9.0,True,
/workspace/RoadBuddy/data/train/videos/7daa39f0_305_clip_001_0000_0005_N.mp4,True,30.0,150,5.0,True,
/workspace/RoadBuddy/data/train/videos/7dbf4bc1_340_clip_003_0017_0024_Y.mp4,True,30.0,210,7.0,True,
/workspace/RoadBuddy/data/train/videos/7e1ca5a1_322_clip_021_0153_0159_Y.mp4,True,30.0,150,5.0,True,
/workspace/RoadBuddy/data/train/videos/7e7e7419_554_clip_001_0000_0005_N.mp4,True,30.0,150,5.0,True,
/workspace/RoadBuddy/data/train/videos/7f5db163_015_clip_025_0164_0173_Y.mp4,True,30.0,225,7.5,True,
/workspace/RoadBuddy/data/train/videos/8116e3fc_545_clip_018_0131_0140_Y.mp4,True,30.0,225,7.5,True,
/workspace/RoadBuddy/data/train/videos/81392443_006_clip_005_0028_0035_Y.mp4,True,30.0,210,7.0,True,
/workspace/RoadBuddy/data/train/videos/8255da61_340_clip_003_0011_0017_Y.mp4,True,30.0,180,6.0,True,
/workspace/RoadBuddy/data/train/videos/827050a8_034_clip_001_0000_0009_Y.mp4,True,30.0,270,9.0,True,
/workspace/RoadBuddy/data/train/videos/828c37e7_305_clip_001_0000_0009_N.mp4,True,30.0,270,9.0,True,
/workspace/RoadBuddy/data/train/videos/83e96ef4_164_clip_009_0052_0062_Y.mp4,True,30.0,275,9.166666666666666,True,
/workspace/RoadBuddy/data/train/videos/83f02dc7_100_clip_001_0000_0006_N.mp4,True,30.0,150,5.0,True,
/workspace/RoadBuddy/data/train/videos/83f82f16_238_clip_002_0005_0012_Y.mp4,True,30.0,210,7.0,True,
/workspace/RoadBuddy/data/train/videos/84ef4324_401_clip_007_0047_0060_Y.mp4,True,30.0,390,13.0,True,
/workspace/RoadBuddy/data/train/videos/857dd3b3_442_clip_006_0041_0050_N.mp4,True,30.0,270,9.0,True,
/workspace/RoadBuddy/data/train/videos/85c7504b_179_clip_006_0037_0044_Y.mp4,True,30.0,210,7.0,True,
/workspace/RoadBuddy/data/train/videos/8685abaa_238_clip_005_0030_0037_Y.mp4,True,30.0,210,7.0,True,
/workspace/RoadBuddy/data/train/videos/8693fd9d_340_clip_002_0006_0012_Y.mp4,True,30.0,180,6.0,True,
/workspace/RoadBuddy/data/train/videos/86ad8a8c_447_clip_004_0017_0024_N.mp4,True,30.0,210,7.0,True,
/workspace/RoadBuddy/data/train/videos/87079ad4_094_clip_007_0045_0055_Y.mp4,True,30.0,250,8.333333333333334,True,
/workspace/RoadBuddy/data/train/videos/871c0884_305_clip_006_0044_0053_N.mp4,True,30.0,270,9.0,True,
/workspace/RoadBuddy/data/train/videos/877409a9_004_clip_001_0000_0007_Y.mp4,True,30.0,175,5.833333333333333,True,
/workspace/RoadBuddy/data/train/videos/87f255d6_447_clip_004_0021_0030_N.mp4,True,30.0,270,9.0,True,
/workspace/RoadBuddy/data/train/videos/87fa841a_129_clip_002_0005_0013_N.mp4,True,30.0,240,8.0,True,
/workspace/RoadBuddy/data/train/videos/88476c56_462_clip_008_0053_0062_Y.mp4,True,30.0,225,7.5,True,
/workspace/RoadBuddy/data/train/videos/8892042f_033_clip_006_0044_0052_N.mp4,True,30.0,240,8.0,True,
/workspace/RoadBuddy/data/train/videos/88b4f474_129_clip_006_0036_0041_N.mp4,True,30.0,150,5.0,True,
/workspace/RoadBuddy/data/train/videos/895ccd99_033_clip_003_0019_0027_N.mp4,True,30.0,240,8.0,True,
/workspace/RoadBuddy/data/train/videos/896490ab_442_clip_006_0040_0047_N.mp4,True,30.0,210,7.0,True,
/workspace/RoadBuddy/data/train/videos/89e06ab3_495_clip_005_0032_0042_Y.mp4,True,30.0,300,10.0,True,
/workspace/RoadBuddy/data/train/videos/8a476a87_495_clip_004_0027_0032_Y.mp4,True,30.0,150,5.0,True,
/workspace/RoadBuddy/data/train/videos/8acbbe09_401_clip_006_0032_0040_Y.mp4,True,30.0,240,8.0,True,
/workspace/RoadBuddy/data/train/videos/8ae769ed_183_clip_008_0050_0060_Y.mp4,True,30.0,300,10.0,True,
/workspace/RoadBuddy/data/train/videos/8b1e3b9d_033_clip_006_0038_0047_N.mp4,True,30.0,270,9.0,True,
/workspace/RoadBuddy/data/train/videos/8b8148f6_033_clip_001_0000_0006_N.mp4,True,30.0,180,6.0,True,
/workspace/RoadBuddy/data/train/videos/8ba435cc_103_clip_003_0014_0023_Y.mp4,True,30.0,270,9.0,True,
/workspace/RoadBuddy/data/train/videos/8babce3b_129_clip_004_0024_0034_N.mp4,True,30.0,300,10.0,True,
/workspace/RoadBuddy/data/train/videos/8c99a894_100_clip_007_0037_0047_Y.mp4,True,30.0,250,8.333333333333334,True,
/workspace/RoadBuddy/data/train/videos/8cbfedb0_033_clip_003_0015_0025_N.mp4,True,30.0,300,10.0,True,
/workspace/RoadBuddy/data/train/videos/8cd321b0_401_clip_007_0050_0060_Y.mp4,True,30.0,300,10.0,True,
/workspace/RoadBuddy/data/train/videos/8d03c91e_345_clip_019_0137_0147_Y.mp4,True,30.0,250,8.333333333333334,True,
/workspace/RoadBuddy/data/train/videos/8d38bbd8_416_clip_016_0108_0118_Y.mp4,True,30.0,250,8.333333333333334,True,
/workspace/RoadBuddy/data/train/videos/8d605936_442_clip_001_0000_0010_N.mp4,True,30.0,300,10.0,True,
/workspace/RoadBuddy/data/train/videos/8da00495_179_clip_002_0006_0013_Y.mp4,True,30.0,210,7.0,True,
/workspace/RoadBuddy/data/train/videos/8da8eee4_447_clip_006_0034_0041_N.mp4,True,30.0,210,7.0,True,
/workspace/RoadBuddy/data/train/videos/8ddce719_034_clip_008_0048_0060_Y.mp4,True,30.0,360,12.0,True,
/workspace/RoadBuddy/data/train/videos/8e6e5003_447_clip_005_0032_0039_N.mp4,True,30.0,210,7.0,True,
/workspace/RoadBuddy/data/train/videos/8edec44d_554_clip_008_0051_0060_N.mp4,True,30.0,270,9.0,True,
/workspace/RoadBuddy/data/train/videos/8fc9c86b_495_clip_006_0038_0045_Y.mp4,True,30.0,210,7.0,True,
/workspace/RoadBuddy/data/train/videos/90494583_182_clip_011_0076_0083_Y.mp4,True,30.0,175,5.833333333333333,True,
/workspace/RoadBuddy/data/train/videos/90882eaf_033_clip_004_0027_0037_N.mp4,True,30.0,300,10.0,True,
/workspace/RoadBuddy/data/train/videos/9136f1f8_305_clip_004_0018_0026_N.mp4,True,30.0,240,8.0,True,
/workspace/RoadBuddy/data/train/videos/9261549d_554_clip_006_0035_0045_N.mp4,True,30.0,300,10.0,True,
/workspace/RoadBuddy/data/train/videos/92fa675f_545_clip_005_0030_0035_Y.mp4,True,30.0,150,5.0,True,
/workspace/RoadBuddy/data/train/videos/9326dffd_495_clip_003_0018_0027_Y.mp4,True,30.0,270,9.0,True,
/workspace/RoadBuddy/data/train/videos/9364f3d0_305_clip_004_0018_0028_N.mp4,True,30.0,300,10.0,True,
/workspace/RoadBuddy/data/train/videos/939b462d_136_clip_005_0028_0037_N.mp4,True,30.0,270,9.0,True,
/workspace/RoadBuddy/data/train/videos/945ef2e4_553_clip_014_0101_0108_Y.mp4,True,30.0,175,5.833333333333333,True,
/workspace/RoadBuddy/data/train/videos/94e0d3ba_557_clip_020_0134_0141_Y.mp4,True,25.0,175,7.0,True,
/workspace/RoadBuddy/data/train/videos/9561c813_495_clip_006_0036_0041_Y.mp4,True,30.0,150,5.0,True,
/workspace/RoadBuddy/data/train/videos/958ca9ba_545_clip_001_0000_0009_Y.mp4,True,30.0,270,9.0,True,
/workspace/RoadBuddy/data/train/videos/95a5bafa_447_clip_004_0025_0032_N.mp4,True,30.0,210,7.0,True,
/workspace/RoadBuddy/data/train/videos/95d82980_129_clip_004_0026_0033_N.mp4,True,30.0,210,7.0,True,
/workspace/RoadBuddy/data/train/videos/963a8617_100_clip_003_0011_0017_Y.mp4,True,30.0,150,5.0,True,
/workspace/RoadBuddy/data/train/videos/966b1964_033_clip_001_0000_0009_N.mp4,True,30.0,270,9.0,True,
/workspace/RoadBuddy/data/train/videos/96c044d0_545_clip_001_0000_0006_Y.mp4,True,30.0,180,6.0,True,
/workspace/RoadBuddy/data/train/videos/96da1dac_033_clip_004_0024_0033_N.mp4,True,30.0,270,9.0,True,
/workspace/RoadBuddy/data/train/videos/9716108e_557_clip_012_0077_0087_Y.mp4,True,30.0,250,8.333333333333334,True,
/workspace/RoadBuddy/data/train/videos/980402a2_015_clip_020_0129_0139_Y.mp4,True,30.0,250,8.333333333333334,True,
/workspace/RoadBuddy/data/train/videos/98326856_094_clip_008_0055_0061_Y.mp4,True,30.0,150,5.0,True,
/workspace/RoadBuddy/data/train/videos/98543881_183_clip_001_0000_0007_Y.mp4,True,30.0,210,7.0,True,
/workspace/RoadBuddy/data/train/videos/990f0c5b_129_clip_006_0035_0045_N.mp4,True,30.0,300,10.0,True,
/workspace/RoadBuddy/data/train/videos/996d5c50_033_clip_006_0038_0043_N.mp4,True,30.0,150,5.0,True,
/workspace/RoadBuddy/data/train/videos/99b479d4_340_clip_007_0043_0048_Y.mp4,True,30.0,150,5.0,True,
/workspace/RoadBuddy/data/train/videos/9a8dca03_193_clip_003_0016_0025_Y.mp4,True,30.0,270,9.0,True,
/workspace/RoadBuddy/data/train/videos/9ae77eab_238_clip_004_0021_0029_Y.mp4,True,30.0,240,8.0,True,
/workspace/RoadBuddy/data/train/videos/9aea622f_554_clip_006_0037_0045_N.mp4,True,30.0,240,8.0,True,
/workspace/RoadBuddy/data/train/videos/9afd4015_238_clip_007_0052_0060_Y.mp4,True,30.0,240,8.0,True,
/workspace/RoadBuddy/data/train/videos/9b4e164b_554_clip_001_0000_0005_N.mp4,True,30.0,150,5.0,True,
/workspace/RoadBuddy/data/train/videos/9bb96155_340_clip_005_0023_0029_N.mp4,True,30.0,180,6.0,True,
/workspace/RoadBuddy/data/train/videos/9be578c7_554_clip_003_0014_0022_N.mp4,True,30.0,240,8.0,True,
/workspace/RoadBuddy/data/train/videos/9d896047_129_clip_001_0000_0010_N.mp4,True,30.0,300,10.0,True,
/workspace/RoadBuddy/data/train/videos/9e2aa4ac_179_clip_006_0029_0039_Y.mp4,True,30.0,300,10.0,True,
/workspace/RoadBuddy/data/train/videos/9ef2b93e_063_clip_002_0008_0017_Y.mp4,True,30.0,270,9.0,True,
/workspace/RoadBuddy/data/train/videos/a01ac992_545_clip_001_0000_0007_Y.mp4,True,30.0,210,7.0,True,
/workspace/RoadBuddy/data/train/videos/a09151e0_345_clip_015_0107_0115_Y.mp4,True,30.0,200,6.666666666666667,True,
/workspace/RoadBuddy/data/train/videos/a0d572c8_164_clip_026_0174_0180_N.mp4,True,30.0,175,5.833333333333333,True,
/workspace/RoadBuddy/data/train/videos/a18ff6b6_034_clip_005_0035_0042_Y.mp4,True,30.0,210,7.0,True,
/workspace/RoadBuddy/data/train/videos/a1b970d0_340_clip_005_0030_0037_Y.mp4,True,30.0,210,7.0,True,
/workspace/RoadBuddy/data/train/videos/a2bb522b_401_clip_005_0026_0036_Y.mp4,True,30.0,300,10.0,True,
/workspace/RoadBuddy/data/train/videos/a2f963a3_277_clip_003_0012_0020_Y.mp4,True,30.0,200,6.666666666666667,True,
/workspace/RoadBuddy/data/train/videos/a35055e4_462_clip_009_0062_0069_Y.mp4,True,30.0,175,5.833333333333333,True,
/workspace/RoadBuddy/data/train/videos/a394ed54_545_clip_002_0006_0012_N.mp4,True,30.0,180,6.0,True,
/workspace/RoadBuddy/data/train/videos/a4161293_063_clip_008_0054_0060_Y.mp4,True,30.0,180,6.0,True,
/workspace/RoadBuddy/data/train/videos/a4704d48_340_clip_006_0029_0039_Y.mp4,True,30.0,300,10.0,True,
/workspace/RoadBuddy/data/train/videos/a48b3dbe_495_clip_008_0048_0060_Y.mp4,True,30.0,360,12.0,True,
/workspace/RoadBuddy/data/train/videos/a55990e7_063_clip_001_0000_0008_Y.mp4,True,30.0,240,8.0,True,
/workspace/RoadBuddy/data/train/videos/a5cb63a2_035_clip_001_0000_0007_Y.mp4,True,30.0,210,7.0,True,
/workspace/RoadBuddy/data/train/videos/a5e5a5ab_103_clip_004_0023_0033_Y.mp4,True,30.0,300,10.0,True,
/workspace/RoadBuddy/data/train/videos/a65bb1f2_340_clip_008_0049_0060_Y.mp4,True,30.0,330,11.0,True,
/workspace/RoadBuddy/data/train/videos/a663d2cd_525_clip_021_0155_0162_Y.mp4,True,25.0,175,7.0,True,
/workspace/RoadBuddy/data/train/videos/a66fd7f7_015_clip_018_0117_0123_Y.mp4,True,30.0,150,5.0,True,
/workspace/RoadBuddy/data/train/videos/a6ded1d8_100_clip_002_0006_0011_Y.mp4,True,30.0,125,4.166666666666667,True,
/workspace/RoadBuddy/data/train/videos/a7cad415_033_clip_003_0017_0024_N.mp4,True,30.0,210,7.0,True,
/workspace/RoadBuddy/data/train/videos/a7cf705c_240_clip_004_0021_0026_N.mp4,True,30.0,125,4.166666666666667,True,
/workspace/RoadBuddy/data/train/videos/a911d192_129_clip_007_0045_0052_N.mp4,True,30.0,210,7.0,True,
/workspace/RoadBuddy/data/train/videos/a9320094_401_clip_003_0016_0021_Y.mp4,True,30.0,150,5.0,True,
/workspace/RoadBuddy/data/train/videos/a974d079_345_clip_001_0000_0009_Y.mp4,True,30.0,225,7.5,True,
/workspace/RoadBuddy/data/train/videos/a987b218_340_clip_008_0048_0053_Y.mp4,True,30.0,150,5.0,True,
/workspace/RoadBuddy/data/train/videos/a9ab364a_015_clip_016_0103_0112_Y.mp4,True,30.0,225,7.5,True,
/workspace/RoadBuddy/data/train/videos/aac93316_442_clip_007_0047_0053_N.mp4,True,30.0,180,6.0,True,
/workspace/RoadBuddy/data/train/videos/ab4220a7_182_clip_003_0017_0024_Y.mp4,True,30.0,175,5.833333333333333,True,
/workspace/RoadBuddy/data/train/videos/ab61a7b1_447_clip_001_0000_0007_N.mp4,True,30.0,210,7.0,True,
/workspace/RoadBuddy/data/train/videos/ac3c5640_240_clip_019_0127_0133_Y.mp4,True,30.0,150,5.0,True,
/workspace/RoadBuddy/data/train/videos/ac7e937c_033_clip_005_0026_0032_N.mp4,True,30.0,180,6.0,True,
/workspace/RoadBuddy/data/train/videos/adaa44ca_305_clip_008_0049_0060_N.mp4,True,30.0,330,11.0,True,
/workspace/RoadBuddy/data/train/videos/add702c9_063_clip_003_0017_0024_Y.mp4,True,30.0,210,7.0,True,
/workspace/RoadBuddy/data/train/videos/ae441e21_100_clip_006_0038_0048_Y.mp4,True,30.0,250,8.333333333333334,True,
/workspace/RoadBuddy/data/train/videos/af42e12f_554_clip_001_0000_0005_N.mp4,True,30.0,150,5.0,True,
/workspace/RoadBuddy/data/train/videos/afa415e5_495_clip_014_0098_0106_Y.mp4,True,30.0,200,6.666666666666667,True,
/workspace/RoadBuddy/data/train/videos/aff8754d_442_clip_006_0036_0046_N.mp4,True,30.0,300,10.0,True,
/workspace/RoadBuddy/data/train/videos/b0946d2a_015_clip_019_0123_0129_Y.mp4,True,30.0,150,5.0,True,
/workspace/RoadBuddy/data/train/videos/b17cfb21_238_clip_002_0008_0017_Y.mp4,True,30.0,270,9.0,True,
/workspace/RoadBuddy/data/train/videos/b1a6b1f1_340_clip_006_0034_0041_Y.mp4,True,30.0,210,7.0,True,
/workspace/RoadBuddy/data/train/videos/b20507bb_179_clip_003_0015_0020_Y.mp4,True,30.0,150,5.0,True,
/workspace/RoadBuddy/data/train/videos/b20dcb6e_322_clip_016_0117_0123_N.mp4,True,30.0,150,5.0,True,
/workspace/RoadBuddy/data/train/videos/b2384849_305_clip_001_0000_0009_N.mp4,True,30.0,270,9.0,True,
/workspace/RoadBuddy/data/train/videos/b24445a7_340_clip_006_0037_0043_Y.mp4,True,30.0,180,6.0,True,
/workspace/RoadBuddy/data/train/videos/b28f41de_034_clip_006_0032_0042_Y.mp4,True,30.0,300,10.0,True,
/workspace/RoadBuddy/data/train/videos/b2c08394_277_clip_019_0132_0140_Y.mp4,True,30.0,200,6.666666666666667,True,
/workspace/RoadBuddy/data/train/videos/b321bf21_004_clip_022_0147_0156_Y.mp4,True,30.0,225,7.5,True,
/workspace/RoadBuddy/data/train/videos/b3ee4d3b_086_clip_013_0096_0106_Y.mp4,True,30.0,250,8.333333333333334,True,
/workspace/RoadBuddy/data/train/videos/b41b3143_063_clip_005_0029_0036_Y.mp4,True,30.0,210,7.0,True,
/workspace/RoadBuddy/data/train/videos/b423ccde_033_clip_007_0047_0060_N.mp4,True,30.0,390,13.0,True,
/workspace/RoadBuddy/data/train/videos/b45ed1f0_403_clip_006_0033_0038_Y.mp4,True,30.0,150,5.0,True,
/workspace/RoadBuddy/data/train/videos/b47a1c5b_034_clip_004_0020_0029_Y.mp4,True,30.0,270,9.0,True,
/workspace/RoadBuddy/data/train/videos/b49e04cc_307_clip_005_0030_0036_N.mp4,True,30.0,180,6.0,True,
/workspace/RoadBuddy/data/train/videos/b4d7e28e_033_clip_002_0009_0017_N.mp4,True,30.0,240,8.0,True,
/workspace/RoadBuddy/data/train/videos/b70b3420_238_clip_006_0042_0052_N.mp4,True,30.0,300,10.0,True,
/workspace/RoadBuddy/data/train/videos/b758588d_136_clip_003_0012_0020_N.mp4,True,30.0,240,8.0,True,
/workspace/RoadBuddy/data/train/videos/b7e6a14c_340_clip_006_0039_0049_Y.mp4,True,30.0,300,10.0,True,
/workspace/RoadBuddy/data/train/videos/b807d78a_401_clip_008_0055_0060_Y.mp4,True,30.0,150,5.0,True,
/workspace/RoadBuddy/data/train/videos/b856d035_129_clip_001_0000_0007_N.mp4,True,30.0,210,7.0,True,
/workspace/RoadBuddy/data/train/videos/b88139b9_144_clip_003_0018_0023_Y.mp4,True,30.0,150,5.0,True,
/workspace/RoadBuddy/data/train/videos/b8ba8368_495_clip_020_0141_0148_Y.mp4,True,30.0,175,5.833333333333333,True,
/workspace/RoadBuddy/data/train/videos/ba3df7ff_086_clip_014_0106_0112_Y.mp4,True,30.0,150,5.0,True,
/workspace/RoadBuddy/data/train/videos/bacfb3d0_553_clip_020_0139_0148_Y.mp4,True,30.0,225,7.5,True,
/workspace/RoadBuddy/data/train/videos/bb7bee03_525_clip_009_0064_0069_Y.mp4,True,30.0,125,4.166666666666667,True,
/workspace/RoadBuddy/data/train/videos/bd21bc11_461_clip_008_0048_0056_Y.mp4,True,30.0,200,6.666666666666667,True,
/workspace/RoadBuddy/data/train/videos/bdc14f1f_164_clip_011_0071_0078_Y.mp4,True,30.0,200,6.666666666666667,True,
/workspace/RoadBuddy/data/train/videos/bde13c1b_015_clip_012_0078_0084_N.mp4,True,30.0,150,5.0,True,
/workspace/RoadBuddy/data/train/videos/bea4ff31_495_clip_008_0050_0060_Y.mp4,True,30.0,300,10.0,True,
/workspace/RoadBuddy/data/train/videos/bee3eb79_495_clip_002_0009_0019_Y.mp4,True,30.0,300,10.0,True,
/workspace/RoadBuddy/data/train/videos/bf2c14a0_305_clip_004_0023_0030_N.mp4,True,30.0,210,7.0,True,
/workspace/RoadBuddy/data/train/videos/bf5ae7e6_034_clip_005_0030_0037_Y.mp4,True,30.0,210,7.0,True,
/workspace/RoadBuddy/data/train/videos/bf7b539b_545_clip_002_0007_0015_Y.mp4,True,30.0,240,8.0,True,
/workspace/RoadBuddy/data/train/videos/c012a0ff_545_clip_004_0018_0027_N.mp4,True,30.0,225,7.5,True,
/workspace/RoadBuddy/data/train/videos/c04a96c4_168_clip_023_0166_0180_Y.mp4,True,30.0,350,11.666666666666666,True,
/workspace/RoadBuddy/data/train/videos/c0e3befd_447_clip_005_0024_0031_N.mp4,True,30.0,210,7.0,True,
/workspace/RoadBuddy/data/train/videos/c14565c7_129_clip_003_0015_0025_N.mp4,True,30.0,300,10.0,True,
/workspace/RoadBuddy/data/train/videos/c19ad58c_554_clip_008_0054_0060_N.mp4,True,30.0,180,6.0,True,
/workspace/RoadBuddy/data/train/videos/c1a6423b_545_clip_007_0050_0060_Y.mp4,True,30.0,300,10.0,True,
/workspace/RoadBuddy/data/train/videos/c2171429_554_clip_006_0039_0044_N.mp4,True,30.0,150,5.0,True,
/workspace/RoadBuddy/data/train/videos/c28ebd70_238_clip_002_0005_0015_Y.mp4,True,30.0,300,10.0,True,
/workspace/RoadBuddy/data/train/videos/c33a1f6c_305_clip_008_0051_0060_N.mp4,True,30.0,270,9.0,True,
/workspace/RoadBuddy/data/train/videos/c359810a_238_clip_005_0036_0044_Y.mp4,True,30.0,240,8.0,True,
/workspace/RoadBuddy/data/train/videos/c35bec2c_240_clip_002_0005_0014_Y.mp4,True,30.0,225,7.5,True,
/workspace/RoadBuddy/data/train/videos/c38c1dec_305_clip_005_0036_0044_N.mp4,True,30.0,240,8.0,True,
/workspace/RoadBuddy/data/train/videos/c3b290d0_238_clip_004_0025_0033_Y.mp4,True,30.0,240,8.0,True,
/workspace/RoadBuddy/data/train/videos/c4e7f7dd_183_clip_002_0007_0016_Y.mp4,True,30.0,270,9.0,True,
/workspace/RoadBuddy/data/train/videos/c550eca8_553_clip_018_0128_0134_Y.mp4,True,30.0,150,5.0,True,
/workspace/RoadBuddy/data/train/videos/c68a152f_545_clip_004_0023_0028_Y.mp4,True,30.0,150,5.0,True,
/workspace/RoadBuddy/data/train/videos/c72c1fe3_034_clip_001_0000_0008_Y.mp4,True,30.0,240,8.0,True,
/workspace/RoadBuddy/data/train/videos/c8040fb7_307_clip_008_0053_0060_N.mp4,True,30.0,210,7.0,True,
/workspace/RoadBuddy/data/train/videos/c8dcd19f_545_clip_001_0000_0006_Y.mp4,True,30.0,180,6.0,True,
/workspace/RoadBuddy/data/train/videos/c9dc72b8_033_clip_008_0055_0060_N.mp4,True,30.0,150,5.0,True,
/workspace/RoadBuddy/data/train/videos/ca6a2224_447_clip_005_0032_0039_N.mp4,True,30.0,210,7.0,True,
/workspace/RoadBuddy/data/train/videos/ca6fbff8_545_clip_007_0048_0054_Y.mp4,True,30.0,180,6.0,True,
/workspace/RoadBuddy/data/train/videos/ca97ebf5_129_clip_005_0033_0040_N.mp4,True,30.0,210,7.0,True,
/workspace/RoadBuddy/data/train/videos/caaa5bbe_345_clip_017_0120_0128_Y.mp4,True,30.0,200,6.666666666666667,True,
/workspace/RoadBuddy/data/train/videos/cae28e66_495_clip_002_0005_0011_Y.mp4,True,30.0,180,6.0,True,
/workspace/RoadBuddy/data/train/videos/cbd00ef2_179_clip_004_0018_0024_Y.mp4,True,30.0,180,6.0,True,
/workspace/RoadBuddy/data/train/videos/cc3ebdde_034_clip_002_0009_0015_Y.mp4,True,30.0,180,6.0,True,
/workspace/RoadBuddy/data/train/videos/cc8218da_416_clip_024_0164_0170_N.mp4,True,30.0,150,5.0,True,
/workspace/RoadBuddy/data/train/videos/cd180a82_545_clip_002_0009_0018_Y.mp4,True,30.0,270,9.0,True,
/workspace/RoadBuddy/data/train/videos/cd29a36f_299_clip_008_0060_0066_Y.mp4,True,30.0,150,5.0,True,
/workspace/RoadBuddy/data/train/videos/cdfb4db9_240_clip_008_0048_0058_Y.mp4,True,30.0,250,8.333333333333334,True,
/workspace/RoadBuddy/data/train/videos/cdfc6ee0_442_clip_005_0035_0042_N.mp4,True,30.0,210,7.0,True,
/workspace/RoadBuddy/data/train/videos/ce4a2bbd_442_clip_003_0018_0026_N.mp4,True,30.0,240,8.0,True,
/workspace/RoadBuddy/data/train/videos/ce6322b6_401_clip_001_0000_0006_Y.mp4,True,30.0,180,6.0,True,
/workspace/RoadBuddy/data/train/videos/ce7607ad_442_clip_004_0025_0030_N.mp4,True,30.0,150,5.0,True,
/workspace/RoadBuddy/data/train/videos/ceb81f9d_129_clip_001_0000_0006_N.mp4,True,30.0,180,6.0,True,
/workspace/RoadBuddy/data/train/videos/cf8d446a_035_clip_003_0012_0019_Y.mp4,True,30.0,210,7.0,True,
/workspace/RoadBuddy/data/train/videos/cfb87e6f_461_clip_013_0086_0092_Y.mp4,True,30.0,150,5.0,True,
/workspace/RoadBuddy/data/train/videos/cfbe4fe9_179_clip_001_0000_0005_Y.mp4,True,30.0,150,5.0,True,
/workspace/RoadBuddy/data/train/videos/cfd01cbd_164_clip_014_0090_0096_Y.mp4,True,30.0,175,5.833333333333333,True,
/workspace/RoadBuddy/data/train/videos/d02ce0c1_386_clip_004_0024_0032_N.mp4,True,30.0,240,8.0,True,
/workspace/RoadBuddy/data/train/videos/d0a643fe_495_clip_004_0021_0026_Y.mp4,True,30.0,150,5.0,True,
/workspace/RoadBuddy/data/train/videos/d0d4ea67_442_clip_007_0053_0060_N.mp4,True,30.0,210,7.0,True,
/workspace/RoadBuddy/data/train/videos/d11fc8c0_447_clip_008_0046_0060_N.mp4,True,30.0,420,14.0,True,
/workspace/RoadBuddy/data/train/videos/d1812f77_015_clip_026_0173_0180_Y.mp4,True,30.0,175,5.833333333333333,True,
/workspace/RoadBuddy/data/train/videos/d20f87d0_238_clip_005_0026_0032_Y.mp4,True,30.0,180,6.0,True,
/workspace/RoadBuddy/data/train/videos/d284476c_545_clip_009_0054_0060_Y.mp4,True,30.0,180,6.0,True,
/workspace/RoadBuddy/data/train/videos/d284f54e_554_clip_007_0044_0054_N.mp4,True,30.0,300,10.0,True,
/workspace/RoadBuddy/data/train/videos/d2e82f38_202_clip_025_0168_0175_N.mp4,True,30.0,175,5.833333333333333,True,
/workspace/RoadBuddy/data/train/videos/d3b59af7_240_clip_024_0163_0172_Y.mp4,True,30.0,225,7.5,True,
/workspace/RoadBuddy/data/train/videos/d4262982_179_clip_004_0016_0024_Y.mp4,True,30.0,240,8.0,True,
/workspace/RoadBuddy/data/train/videos/d46b415d_495_clip_006_0027_0032_Y.mp4,True,30.0,150,5.0,True,
/workspace/RoadBuddy/data/train/videos/d4ea120a_340_clip_001_0000_0006_Y.mp4,True,30.0,180,6.0,True,
/workspace/RoadBuddy/data/train/videos/d4ef00aa_277_clip_024_0170_0180_Y.mp4,True,30.0,250,8.333333333333334,True,
/workspace/RoadBuddy/data/train/videos/d50755d9_238_clip_008_0054_0060_Y.mp4,True,30.0,180,6.0,True,
/workspace/RoadBuddy/data/train/videos/d5c0244d_305_clip_001_0000_0005_N.mp4,True,30.0,150,5.0,True,
/workspace/RoadBuddy/data/train/videos/d5c9fdc7_094_clip_018_0131_0138_Y.mp4,True,30.0,175,5.833333333333333,True,
/workspace/RoadBuddy/data/train/videos/d69d42f1_238_clip_002_0005_0010_Y.mp4,True,30.0,150,5.0,True,
/workspace/RoadBuddy/data/train/videos/d756ba9c_034_clip_001_0000_0010_Y.mp4,True,30.0,300,10.0,True,
/workspace/RoadBuddy/data/train/videos/d8302081_545_clip_006_0037_0047_N.mp4,True,30.0,250,8.333333333333334,True,
/workspace/RoadBuddy/data/train/videos/d88f1c94_033_clip_001_0000_0010_N.mp4,True,30.0,300,10.0,True,
/workspace/RoadBuddy/data/train/videos/d89a40c0_525_clip_008_0056_0064_Y.mp4,True,30.0,200,6.666666666666667,True,
/workspace/RoadBuddy/data/train/videos/d8f56413_416_clip_025_0170_0179_Y.mp4,True,30.0,225,7.5,True,
/workspace/RoadBuddy/data/train/videos/d9178793_545_clip_017_0124_0131_Y.mp4,True,30.0,175,5.833333333333333,True,
/workspace/RoadBuddy/data/train/videos/d92c9227_179_clip_007_0044_0052_Y.mp4,True,30.0,240,8.0,True,
/workspace/RoadBuddy/data/train/videos/d97dc9cd_447_clip_004_0018_0027_N.mp4,True,30.0,270,9.0,True,
/workspace/RoadBuddy/data/train/videos/d9e604b3_525_clip_010_0069_0077_Y.mp4,True,30.0,200,6.666666666666667,True,
/workspace/RoadBuddy/data/train/videos/d9f2dd0d_129_clip_008_0055_0060_N.mp4,True,30.0,150,5.0,True,
/workspace/RoadBuddy/data/train/videos/da52d2ee_094_clip_019_0138_0143_Y.mp4,True,30.0,125,4.166666666666667,True,
/workspace/RoadBuddy/data/train/videos/daf481a7_238_clip_001_0000_0008_Y.mp4,True,30.0,240,8.0,True,
/workspace/RoadBuddy/data/train/videos/dafec8a9_495_clip_001_0000_0008_Y.mp4,True,30.0,240,8.0,True,
/workspace/RoadBuddy/data/train/videos/dbccc477_034_clip_006_0047_0055_Y.mp4,True,30.0,240,8.0,True,
/workspace/RoadBuddy/data/train/videos/dc1110c1_238_clip_006_0044_0053_Y.mp4,True,30.0,270,9.0,True,
/workspace/RoadBuddy/data/train/videos/dc98d2c1_182_clip_024_0171_0179_Y.mp4,True,30.0,200,6.666666666666667,True,
/workspace/RoadBuddy/data/train/videos/dcb33df3_129_clip_004_0020_0030_N.mp4,True,30.0,300,10.0,True,
/workspace/RoadBuddy/data/train/videos/dd30de89_179_clip_007_0043_0051_Y.mp4,True,30.0,240,8.0,True,
/workspace/RoadBuddy/data/train/videos/dd463c09_340_clip_001_0000_0007_Y.mp4,True,30.0,210,7.0,True,
/workspace/RoadBuddy/data/train/videos/dea45c19_004_clip_014_0088_0095_Y.mp4,True,30.0,175,5.833333333333333,True,
/workspace/RoadBuddy/data/train/videos/deaf528d_442_clip_005_0035_0040_N.mp4,True,30.0,150,5.0,True,
/workspace/RoadBuddy/data/train/videos/df6a8f93_144_clip_007_0043_0053_Y.mp4,True,30.0,300,10.0,True,
/workspace/RoadBuddy/data/train/videos/df8f4197_447_clip_002_0010_0019_N.mp4,True,30.0,270,9.0,True,
/workspace/RoadBuddy/data/train/videos/dfc620ce_034_clip_003_0016_0024_Y.mp4,True,30.0,240,8.0,True,
/workspace/RoadBuddy/data/train/videos/e0decc3d_305_clip_002_0009_0016_N.mp4,True,30.0,210,7.0,True,
/workspace/RoadBuddy/data/train/videos/e11b868d_129_clip_005_0034_0040_N.mp4,True,30.0,180,6.0,True,
/workspace/RoadBuddy/data/train/videos/e1a47e10_447_clip_003_0019_0027_N.mp4,True,30.0,240,8.0,True,
/workspace/RoadBuddy/data/train/videos/e1b294de_240_clip_001_0000_0005_Y.mp4,True,30.0,125,4.166666666666667,True,
/workspace/RoadBuddy/data/train/videos/e3b56360_545_clip_003_0012_0022_Y.mp4,True,30.0,300,10.0,True,
/workspace/RoadBuddy/data/train/videos/e42e5037_386_clip_007_0048_0053_N.mp4,True,30.0,150,5.0,True,
/workspace/RoadBuddy/data/train/videos/e5582e16_202_clip_016_0103_0111_Y.mp4,True,30.0,200,6.666666666666667,True,
/workspace/RoadBuddy/data/train/videos/e5af6e39_495_clip_007_0041_0047_Y.mp4,True,30.0,180,6.0,True,
/workspace/RoadBuddy/data/train/videos/e6b5a92c_033_clip_007_0043_0050_N.mp4,True,30.0,210,7.0,True,
/workspace/RoadBuddy/data/train/videos/e746ccb9_129_clip_001_0000_0009_N.mp4,True,30.0,270,9.0,True,
/workspace/RoadBuddy/data/train/videos/e767dcea_193_clip_007_0047_0060_Y.mp4,True,30.0,390,13.0,True,
/workspace/RoadBuddy/data/train/videos/e7c99b26_305_clip_005_0026_0032_N.mp4,True,30.0,180,6.0,True,
/workspace/RoadBuddy/data/train/videos/e8e22743_495_clip_010_0053_0060_Y.mp4,True,30.0,210,7.0,True,
/workspace/RoadBuddy/data/train/videos/ea83bf00_193_clip_005_0033_0042_Y.mp4,True,30.0,270,9.0,True,
/workspace/RoadBuddy/data/train/videos/ebc2026f_495_clip_013_0090_0098_N.mp4,True,30.0,200,6.666666666666667,True,
/workspace/RoadBuddy/data/train/videos/ebd14d2c_240_clip_017_0111_0119_N.mp4,True,30.0,200,6.666666666666667,True,
/workspace/RoadBuddy/data/train/videos/ec48bf55_433_clip_002_0007_0013_Y.mp4,True,30.0,180,6.0,True,
/workspace/RoadBuddy/data/train/videos/ec856f37_554_clip_002_0005_0014_N.mp4,True,30.0,270,9.0,True,
/workspace/RoadBuddy/data/train/videos/edd96831_179_clip_008_0052_0060_N.mp4,True,30.0,240,8.0,True,
/workspace/RoadBuddy/data/train/videos/ee4a9b5d_447_clip_008_0052_0060_N.mp4,True,30.0,240,8.0,True,
/workspace/RoadBuddy/data/train/videos/eef16694_305_clip_005_0030_0040_N.mp4,True,30.0,300,10.0,True,
/workspace/RoadBuddy/data/train/videos/ef04e57d_442_clip_005_0036_0041_N.mp4,True,30.0,150,5.0,True,
/workspace/RoadBuddy/data/train/videos/f020e992_545_clip_008_0053_0060_Y.mp4,True,30.0,210,7.0,True,
/workspace/RoadBuddy/data/train/videos/f0458043_238_clip_003_0011_0021_Y.mp4,True,30.0,300,10.0,True,
/workspace/RoadBuddy/data/train/videos/f05eeefe_553_clip_022_0153_0159_Y.mp4,True,30.0,150,5.0,True,
/workspace/RoadBuddy/data/train/videos/f071d879_345_clip_009_0054_0064_N.mp4,True,30.0,250,8.333333333333334,True,
/workspace/RoadBuddy/data/train/videos/f0b6f83f_305_clip_002_0010_0018_N.mp4,True,30.0,240,8.0,True,
/workspace/RoadBuddy/data/train/videos/f1fac6e7_495_clip_007_0045_0050_Y.mp4,True,30.0,150,5.0,True,
/workspace/RoadBuddy/data/train/videos/f2b43abf_238_clip_004_0026_0034_Y.mp4,True,30.0,240,8.0,True,
/workspace/RoadBuddy/data/train/videos/f3579560_129_clip_006_0040_0050_N.mp4,True,30.0,300,10.0,True,
/workspace/RoadBuddy/data/train/videos/f366bad4_202_clip_010_0066_0076_N.mp4,True,30.0,250,8.333333333333334,True,
/workspace/RoadBuddy/data/train/videos/f396ea37_545_clip_013_0092_0100_Y.mp4,True,30.0,200,6.666666666666667,True,
/workspace/RoadBuddy/data/train/videos/f3ea0184_277_clip_005_0029_0036_Y.mp4,True,30.0,175,5.833333333333333,True,
/workspace/RoadBuddy/data/train/videos/f43ba052_305_clip_002_0005_0013_N.mp4,True,30.0,240,8.0,True,
/workspace/RoadBuddy/data/train/videos/f5f62c97_442_clip_006_0040_0047_N.mp4,True,30.0,210,7.0,True,
/workspace/RoadBuddy/data/train/videos/f75d1e3c_545_clip_006_0036_0044_Y.mp4,True,30.0,240,8.0,True,
/workspace/RoadBuddy/data/train/videos/f76c8ede_340_clip_004_0022_0032_Y.mp4,True,30.0,300,10.0,True,
/workspace/RoadBuddy/data/train/videos/f778c676_015_clip_008_0051_0057_N.mp4,True,30.0,150,5.0,True,
/workspace/RoadBuddy/data/train/videos/f8102383_554_clip_003_0011_0016_N.mp4,True,30.0,150,5.0,True,
/workspace/RoadBuddy/data/train/videos/f81dbaa1_345_clip_014_0099_0107_N.mp4,True,30.0,200,6.666666666666667,True,
/workspace/RoadBuddy/data/train/videos/f8b38a8b_340_clip_004_0017_0023_Y.mp4,True,30.0,180,6.0,True,
/workspace/RoadBuddy/data/train/videos/f945f2fd_305_clip_001_0000_0010_N.mp4,True,30.0,300,10.0,True,
/workspace/RoadBuddy/data/train/videos/f982f4e0_277_clip_015_0098_0108_Y.mp4,True,30.0,250,8.333333333333334,True,
/workspace/RoadBuddy/data/train/videos/f99f0704_525_clip_015_0108_0117_Y.mp4,True,30.0,225,7.5,True,
/workspace/RoadBuddy/data/train/videos/faebcd19_305_clip_006_0032_0040_N.mp4,True,30.0,240,8.0,True,
/workspace/RoadBuddy/data/train/videos/faf14ff0_094_clip_010_0066_0075_Y.mp4,True,30.0,225,7.5,True,
/workspace/RoadBuddy/data/train/videos/fb25664d_340_clip_005_0025_0035_Y.mp4,True,30.0,300,10.0,True,
/workspace/RoadBuddy/data/train/videos/fba57cc8_144_clip_001_0000_0010_Y.mp4,True,30.0,300,10.0,True,
/workspace/RoadBuddy/data/train/videos/fc043f08_553_clip_009_0058_0068_N.mp4,True,30.0,250,8.333333333333334,True,
/workspace/RoadBuddy/data/train/videos/fc3d3348_557_clip_014_0092_0098_Y.mp4,True,30.0,150,5.0,True,
/workspace/RoadBuddy/data/train/videos/fe716b14_386_clip_003_0018_0024_N.mp4,True,30.0,180,6.0,True,
/workspace/RoadBuddy/data/train/videos/fe9936a3_034_clip_001_0000_0005_Y.mp4,True,30.0,150,5.0,True,
/workspace/RoadBuddy/data/train/videos/ff01cf99_307_clip_003_0014_0021_Y.mp4,True,30.0,210,7.0,True,
/workspace/RoadBuddy/data/train/videos/ff5e9ff0_015_clip_004_0023_0031_Y.mp4,True,30.0,200,6.666666666666667,True,
/workspace/RoadBuddy/data/train/videos/ff86cc31_100_clip_015_0101_0107_Y.mp4,True,30.0,150,5.0,True,
