sample_id,correct_control,correct_candidate,experiment,transition
train_0006,True,True,Z-F3,unchanged
train_0040,True,True,Z-F3,unchanged
train_0041,True,True,Z-F3,unchanged
train_0042,False,False,Z-F3,unchanged
train_0043,True,True,Z-F3,unchanged
train_0044,True,True,Z-F3,unchanged
train_0050,False,False,Z-F3,unchanged
train_0051,False,False,Z-F3,unchanged
train_0058,True,False,Z-F3,right_to_wrong
train_0059,True,True,Z-F3,unchanged
train_0060,True,True,Z-F3,unchanged
train_0061,True,True,Z-F3,unchanged
train_0062,True,True,Z-F3,unchanged
train_0063,True,True,Z-F3,unchanged
train_0070,True,False,Z-F3,right_to_wrong
train_0071,True,False,Z-F3,right_to_wrong
train_0078,True,True,Z-F3,unchanged
train_0079,True,True,Z-F3,unchanged
train_0088,False,False,Z-F3,unchanged
train_0089,False,False,Z-F3,unchanged
train_0092,True,True,Z-F3,unchanged
train_0093,False,False,Z-F3,unchanged
train_0098,True,True,Z-F3,unchanged
train_0099,False,False,Z-F3,unchanged
train_0104,False,False,Z-F3,unchanged
train_0105,False,False,Z-F3,unchanged
train_0106,True,False,Z-F3,right_to_wrong
train_0107,True,True,Z-F3,unchanged
train_0115,False,False,Z-F3,unchanged
train_0116,True,False,Z-F3,right_to_wrong
train_0117,True,True,Z-F3,unchanged
train_0118,True,False,Z-F3,right_to_wrong
train_0119,True,True,Z-F3,unchanged
train_0120,True,True,Z-F3,unchanged
train_0121,True,True,Z-F3,unchanged
train_0134,False,False,Z-F3,unchanged
train_0135,True,True,Z-F3,unchanged
train_0136,False,False,Z-F3,unchanged
train_0137,True,True,Z-F3,unchanged
train_0138,False,False,Z-F3,unchanged
train_0141,True,True,Z-F3,unchanged
train_0142,True,True,Z-F3,unchanged
train_0157,False,False,Z-F3,unchanged
train_0158,False,False,Z-F3,unchanged
train_0159,False,False,Z-F3,unchanged
train_0162,False,False,Z-F3,unchanged
train_0163,True,True,Z-F3,unchanged
train_0164,False,True,Z-F3,wrong_to_right
train_0166,False,False,Z-F3,unchanged
train_0167,False,False,Z-F3,unchanged
train_0168,True,True,Z-F3,unchanged
train_0182,True,True,Z-F3,unchanged
train_0183,False,False,Z-F3,unchanged
train_0184,False,False,Z-F3,unchanged
train_0185,False,False,Z-F3,unchanged
train_0186,True,True,Z-F3,unchanged
train_0191,False,False,Z-F3,unchanged
train_0192,True,True,Z-F3,unchanged
train_0193,True,True,Z-F3,unchanged
train_0199,False,False,Z-F3,unchanged
train_0200,True,True,Z-F3,unchanged
train_0228,True,True,Z-F3,unchanged
train_0229,False,False,Z-F3,unchanged
train_0236,False,False,Z-F3,unchanged
train_0237,False,True,Z-F3,wrong_to_right
train_0240,False,True,Z-F3,wrong_to_right
train_0241,True,True,Z-F3,unchanged
train_0246,False,True,Z-F3,wrong_to_right
train_0247,True,True,Z-F3,unchanged
train_0268,True,True,Z-F3,unchanged
train_0269,False,False,Z-F3,unchanged
train_0272,False,False,Z-F3,unchanged
train_0273,True,True,Z-F3,unchanged
train_0274,False,False,Z-F3,unchanged
train_0275,False,False,Z-F3,unchanged
train_0276,False,False,Z-F3,unchanged
train_0277,True,True,Z-F3,unchanged
train_0278,True,True,Z-F3,unchanged
train_0279,False,False,Z-F3,unchanged
train_0280,True,True,Z-F3,unchanged
train_0288,True,True,Z-F3,unchanged
train_0289,False,False,Z-F3,unchanged
train_0290,False,False,Z-F3,unchanged
train_0318,True,True,Z-F3,unchanged
train_0319,True,True,Z-F3,unchanged
train_0357,False,False,Z-F3,unchanged
train_0358,False,False,Z-F3,unchanged
train_0359,False,False,Z-F3,unchanged
train_0364,False,False,Z-F3,unchanged
train_0365,False,False,Z-F3,unchanged
train_0371,False,False,Z-F3,unchanged
train_0372,False,False,Z-F3,unchanged
train_0373,True,True,Z-F3,unchanged
train_0374,False,False,Z-F3,unchanged
train_0378,False,False,Z-F3,unchanged
train_0379,False,False,Z-F3,unchanged
train_0380,True,True,Z-F3,unchanged
train_0381,False,True,Z-F3,wrong_to_right
train_0385,False,True,Z-F3,wrong_to_right
train_0404,False,False,Z-F3,unchanged
train_0405,False,False,Z-F3,unchanged
train_0442,True,True,Z-F3,unchanged
train_0443,True,True,Z-F3,unchanged
train_0450,False,True,Z-F3,wrong_to_right
train_0451,False,False,Z-F3,unchanged
train_0463,True,True,Z-F3,unchanged
train_0464,True,True,Z-F3,unchanged
train_0476,False,False,Z-F3,unchanged
train_0477,True,True,Z-F3,unchanged
train_0478,False,False,Z-F3,unchanged
train_0485,False,False,Z-F3,unchanged
train_0486,False,False,Z-F3,unchanged
train_0490,False,False,Z-F3,unchanged
train_0491,False,False,Z-F3,unchanged
train_0499,True,True,Z-F3,unchanged
train_0502,False,False,Z-F3,unchanged
train_0503,False,False,Z-F3,unchanged
train_0518,True,True,Z-F3,unchanged
train_0519,True,True,Z-F3,unchanged
train_0520,True,True,Z-F3,unchanged
train_0528,False,False,Z-F3,unchanged
train_0529,False,False,Z-F3,unchanged
train_0530,True,True,Z-F3,unchanged
train_0531,False,False,Z-F3,unchanged
train_0587,True,True,Z-F3,unchanged
train_0588,False,False,Z-F3,unchanged
train_0604,False,False,Z-F3,unchanged
train_0605,False,False,Z-F3,unchanged
train_0606,False,False,Z-F3,unchanged
train_0613,False,False,Z-F3,unchanged
train_0614,False,False,Z-F3,unchanged
train_0615,False,False,Z-F3,unchanged
train_0625,True,True,Z-F3,unchanged
train_0626,False,True,Z-F3,wrong_to_right
train_0644,False,False,Z-F3,unchanged
train_0645,False,False,Z-F3,unchanged
train_0646,True,True,Z-F3,unchanged
train_0674,True,True,Z-F3,unchanged
train_0675,False,False,Z-F3,unchanged
train_0680,False,True,Z-F3,wrong_to_right
train_0681,True,True,Z-F3,unchanged
train_0682,False,False,Z-F3,unchanged
train_0685,True,True,Z-F3,unchanged
train_0686,False,False,Z-F3,unchanged
train_0696,False,False,Z-F3,unchanged
train_0697,True,True,Z-F3,unchanged
train_0698,True,True,Z-F3,unchanged
train_0731,True,True,Z-F3,unchanged
train_0732,False,False,Z-F3,unchanged
train_0733,False,False,Z-F3,unchanged
train_0739,False,False,Z-F3,unchanged
train_0740,False,False,Z-F3,unchanged
train_0741,True,True,Z-F3,unchanged
train_0765,False,True,Z-F3,wrong_to_right
train_0781,True,True,Z-F3,unchanged
train_0782,False,False,Z-F3,unchanged
train_0787,False,True,Z-F3,wrong_to_right
train_0788,False,False,Z-F3,unchanged
train_0789,True,True,Z-F3,unchanged
train_0790,False,True,Z-F3,wrong_to_right
train_0810,False,False,Z-F3,unchanged
train_0811,True,True,Z-F3,unchanged
train_0812,True,True,Z-F3,unchanged
train_0816,False,False,Z-F3,unchanged
train_0817,True,True,Z-F3,unchanged
train_0818,True,True,Z-F3,unchanged
train_0830,False,False,Z-F3,unchanged
train_0831,True,True,Z-F3,unchanged
train_0832,True,True,Z-F3,unchanged
train_0842,False,False,Z-F3,unchanged
train_0843,True,True,Z-F3,unchanged
train_0858,True,True,Z-F3,unchanged
train_0859,False,False,Z-F3,unchanged
train_0864,False,True,Z-F3,wrong_to_right
train_0865,False,False,Z-F3,unchanged
train_0866,False,False,Z-F3,unchanged
train_0867,True,True,Z-F3,unchanged
train_0912,False,False,Z-F3,unchanged
train_0913,False,True,Z-F3,wrong_to_right
train_0914,False,False,Z-F3,unchanged
train_0915,True,True,Z-F3,unchanged
train_0916,True,True,Z-F3,unchanged
train_0917,False,True,Z-F3,wrong_to_right
train_0933,True,True,Z-F3,unchanged
train_0934,False,False,Z-F3,unchanged
train_0943,False,False,Z-F3,unchanged
train_0944,False,True,Z-F3,wrong_to_right
train_0949,True,False,Z-F3,right_to_wrong
train_0950,False,False,Z-F3,unchanged
train_0951,False,False,Z-F3,unchanged
train_0952,True,True,Z-F3,unchanged
train_0959,False,False,Z-F3,unchanged
train_0960,False,False,Z-F3,unchanged
train_0969,False,False,Z-F3,unchanged
train_0970,False,False,Z-F3,unchanged
train_0991,False,False,Z-F3,unchanged
train_0992,True,True,Z-F3,unchanged
train_1003,True,True,Z-F3,unchanged
train_1004,False,True,Z-F3,wrong_to_right
train_1007,True,True,Z-F3,unchanged
train_1008,False,False,Z-F3,unchanged
train_1015,False,False,Z-F3,unchanged
train_1016,True,True,Z-F3,unchanged
train_1038,True,False,Z-F3,right_to_wrong
train_1039,True,True,Z-F3,unchanged
train_1044,False,False,Z-F3,unchanged
train_1048,True,True,Z-F3,unchanged
train_1049,False,False,Z-F3,unchanged
train_1052,True,True,Z-F3,unchanged
train_1053,True,True,Z-F3,unchanged
train_1069,True,True,Z-F3,unchanged
train_1070,False,False,Z-F3,unchanged
train_1072,True,True,Z-F3,unchanged
train_1088,False,False,Z-F3,unchanged
train_1089,False,False,Z-F3,unchanged
train_1094,True,True,Z-F3,unchanged
train_1095,False,True,Z-F3,wrong_to_right
train_1112,True,True,Z-F3,unchanged
train_1113,False,False,Z-F3,unchanged
train_1118,False,False,Z-F3,unchanged
train_1119,False,False,Z-F3,unchanged
train_1120,True,True,Z-F3,unchanged
train_1121,True,True,Z-F3,unchanged
train_1124,False,True,Z-F3,wrong_to_right
train_1125,False,False,Z-F3,unchanged
train_1129,False,False,Z-F3,unchanged
train_1130,False,False,Z-F3,unchanged
train_1135,False,False,Z-F3,unchanged
train_1136,False,False,Z-F3,unchanged
train_1139,False,False,Z-F3,unchanged
train_1140,False,False,Z-F3,unchanged
train_1143,False,False,Z-F3,unchanged
train_1144,True,True,Z-F3,unchanged
train_1148,False,False,Z-F3,unchanged
train_1159,True,True,Z-F3,unchanged
train_1160,False,False,Z-F3,unchanged
train_1170,False,False,Z-F3,unchanged
train_1173,True,True,Z-F3,unchanged
train_1177,True,False,Z-F3,right_to_wrong
train_1181,False,True,Z-F3,wrong_to_right
train_1184,True,False,Z-F3,right_to_wrong
train_1188,True,True,Z-F3,unchanged
train_1192,True,True,Z-F3,unchanged
train_1194,True,True,Z-F3,unchanged
train_1195,True,True,Z-F3,unchanged
train_1196,True,True,Z-F3,unchanged
train_1201,True,False,Z-F3,right_to_wrong
train_1205,True,True,Z-F3,unchanged
train_1211,False,False,Z-F3,unchanged
train_1212,False,False,Z-F3,unchanged
train_1224,False,True,Z-F3,wrong_to_right
train_1225,True,False,Z-F3,right_to_wrong
train_1232,False,False,Z-F3,unchanged
train_1234,False,False,Z-F3,unchanged
train_1243,False,True,Z-F3,wrong_to_right
train_1255,True,True,Z-F3,unchanged
train_1269,False,True,Z-F3,wrong_to_right
train_1274,False,True,Z-F3,wrong_to_right
train_1276,True,True,Z-F3,unchanged
train_1279,False,False,Z-F3,unchanged
train_1282,True,True,Z-F3,unchanged
train_1291,False,True,Z-F3,wrong_to_right
train_1292,False,False,Z-F3,unchanged
train_1293,True,True,Z-F3,unchanged
train_1294,True,True,Z-F3,unchanged
train_1299,False,True,Z-F3,wrong_to_right
train_1302,False,False,Z-F3,unchanged
train_1306,True,True,Z-F3,unchanged
train_1308,False,False,Z-F3,unchanged
train_1315,False,False,Z-F3,unchanged
train_1331,False,False,Z-F3,unchanged
train_1345,False,False,Z-F3,unchanged
train_1351,False,False,Z-F3,unchanged
train_1352,False,False,Z-F3,unchanged
train_1353,False,False,Z-F3,unchanged
train_1356,False,False,Z-F3,unchanged
train_1361,False,False,Z-F3,unchanged
train_1363,True,True,Z-F3,unchanged
train_1368,False,True,Z-F3,wrong_to_right
train_1372,False,False,Z-F3,unchanged
train_1375,True,False,Z-F3,right_to_wrong
train_1377,True,False,Z-F3,right_to_wrong
train_1385,True,False,Z-F3,right_to_wrong
train_1389,False,True,Z-F3,wrong_to_right
train_1390,True,True,Z-F3,unchanged
train_1396,False,False,Z-F3,unchanged
train_1401,False,False,Z-F3,unchanged
train_1406,True,True,Z-F3,unchanged
train_1409,True,True,Z-F3,unchanged
train_1421,True,True,Z-F3,unchanged
train_1423,True,True,Z-F3,unchanged
train_1424,False,False,Z-F3,unchanged
train_1426,True,True,Z-F3,unchanged
train_1439,True,True,Z-F3,unchanged
train_1453,False,False,Z-F3,unchanged
train_1464,False,False,Z-F3,unchanged
train_1472,False,False,Z-F3,unchanged
train_1482,True,True,Z-F3,unchanged
train_0006,True,True,Z-F8,unchanged
train_0040,True,True,Z-F8,unchanged
train_0041,True,True,Z-F8,unchanged
train_0042,False,False,Z-F8,unchanged
train_0043,True,True,Z-F8,unchanged
train_0044,True,True,Z-F8,unchanged
train_0050,False,False,Z-F8,unchanged
train_0051,False,False,Z-F8,unchanged
train_0058,True,False,Z-F8,right_to_wrong
train_0059,True,True,Z-F8,unchanged
train_0060,True,False,Z-F8,right_to_wrong
train_0061,True,False,Z-F8,right_to_wrong
train_0062,True,True,Z-F8,unchanged
train_0063,True,True,Z-F8,unchanged
train_0070,True,True,Z-F8,unchanged
train_0071,True,False,Z-F8,right_to_wrong
train_0078,True,True,Z-F8,unchanged
train_0079,True,True,Z-F8,unchanged
train_0088,False,True,Z-F8,wrong_to_right
train_0089,False,False,Z-F8,unchanged
train_0092,True,True,Z-F8,unchanged
train_0093,False,False,Z-F8,unchanged
train_0098,True,True,Z-F8,unchanged
train_0099,False,False,Z-F8,unchanged
train_0104,False,True,Z-F8,wrong_to_right
train_0105,False,True,Z-F8,wrong_to_right
train_0106,True,False,Z-F8,right_to_wrong
train_0107,True,True,Z-F8,unchanged
train_0115,False,False,Z-F8,unchanged
train_0116,True,True,Z-F8,unchanged
train_0117,True,True,Z-F8,unchanged
train_0118,True,True,Z-F8,unchanged
train_0119,True,True,Z-F8,unchanged
train_0120,True,False,Z-F8,right_to_wrong
train_0121,True,True,Z-F8,unchanged
train_0134,False,True,Z-F8,wrong_to_right
train_0135,True,True,Z-F8,unchanged
train_0136,False,False,Z-F8,unchanged
train_0137,True,True,Z-F8,unchanged
train_0138,False,False,Z-F8,unchanged
train_0141,True,True,Z-F8,unchanged
train_0142,True,True,Z-F8,unchanged
train_0157,False,False,Z-F8,unchanged
train_0158,False,False,Z-F8,unchanged
train_0159,False,False,Z-F8,unchanged
train_0162,False,False,Z-F8,unchanged
train_0163,True,True,Z-F8,unchanged
train_0164,False,True,Z-F8,wrong_to_right
train_0166,False,False,Z-F8,unchanged
train_0167,False,False,Z-F8,unchanged
train_0168,True,True,Z-F8,unchanged
train_0182,True,False,Z-F8,right_to_wrong
train_0183,False,False,Z-F8,unchanged
train_0184,False,True,Z-F8,wrong_to_right
train_0185,False,True,Z-F8,wrong_to_right
train_0186,True,True,Z-F8,unchanged
train_0191,False,False,Z-F8,unchanged
train_0192,True,True,Z-F8,unchanged
train_0193,True,True,Z-F8,unchanged
train_0199,False,False,Z-F8,unchanged
train_0200,True,True,Z-F8,unchanged
train_0228,True,True,Z-F8,unchanged
train_0229,False,False,Z-F8,unchanged
train_0236,False,False,Z-F8,unchanged
train_0237,False,True,Z-F8,wrong_to_right
train_0240,False,True,Z-F8,wrong_to_right
train_0241,True,True,Z-F8,unchanged
train_0246,False,False,Z-F8,unchanged
train_0247,True,True,Z-F8,unchanged
train_0268,True,True,Z-F8,unchanged
train_0269,False,False,Z-F8,unchanged
train_0272,False,False,Z-F8,unchanged
train_0273,True,True,Z-F8,unchanged
train_0274,False,False,Z-F8,unchanged
train_0275,False,False,Z-F8,unchanged
train_0276,False,False,Z-F8,unchanged
train_0277,True,True,Z-F8,unchanged
train_0278,True,True,Z-F8,unchanged
train_0279,False,False,Z-F8,unchanged
train_0280,True,True,Z-F8,unchanged
train_0288,True,True,Z-F8,unchanged
train_0289,False,True,Z-F8,wrong_to_right
train_0290,False,True,Z-F8,wrong_to_right
train_0318,True,True,Z-F8,unchanged
train_0319,True,True,Z-F8,unchanged
train_0357,False,False,Z-F8,unchanged
train_0358,False,False,Z-F8,unchanged
train_0359,False,False,Z-F8,unchanged
train_0364,False,False,Z-F8,unchanged
train_0365,False,False,Z-F8,unchanged
train_0371,False,False,Z-F8,unchanged
train_0372,False,False,Z-F8,unchanged
train_0373,True,True,Z-F8,unchanged
train_0374,False,False,Z-F8,unchanged
train_0378,False,False,Z-F8,unchanged
train_0379,False,False,Z-F8,unchanged
train_0380,True,False,Z-F8,right_to_wrong
train_0381,False,False,Z-F8,unchanged
train_0385,False,True,Z-F8,wrong_to_right
train_0404,False,False,Z-F8,unchanged
train_0405,False,False,Z-F8,unchanged
train_0442,True,True,Z-F8,unchanged
train_0443,True,True,Z-F8,unchanged
train_0450,False,True,Z-F8,wrong_to_right
train_0451,False,False,Z-F8,unchanged
train_0463,True,True,Z-F8,unchanged
train_0464,True,True,Z-F8,unchanged
train_0476,False,False,Z-F8,unchanged
train_0477,True,True,Z-F8,unchanged
train_0478,False,False,Z-F8,unchanged
train_0485,False,False,Z-F8,unchanged
train_0486,False,False,Z-F8,unchanged
train_0490,False,False,Z-F8,unchanged
train_0491,False,False,Z-F8,unchanged
train_0499,True,True,Z-F8,unchanged
train_0502,False,False,Z-F8,unchanged
train_0503,False,False,Z-F8,unchanged
train_0518,True,True,Z-F8,unchanged
train_0519,True,True,Z-F8,unchanged
train_0520,True,True,Z-F8,unchanged
train_0528,False,False,Z-F8,unchanged
train_0529,False,False,Z-F8,unchanged
train_0530,True,True,Z-F8,unchanged
train_0531,False,False,Z-F8,unchanged
train_0587,True,True,Z-F8,unchanged
train_0588,False,False,Z-F8,unchanged
train_0604,False,False,Z-F8,unchanged
train_0605,False,False,Z-F8,unchanged
train_0606,False,False,Z-F8,unchanged
train_0613,False,False,Z-F8,unchanged
train_0614,False,False,Z-F8,unchanged
train_0615,False,False,Z-F8,unchanged
train_0625,True,True,Z-F8,unchanged
train_0626,False,False,Z-F8,unchanged
train_0644,False,False,Z-F8,unchanged
train_0645,False,False,Z-F8,unchanged
train_0646,True,True,Z-F8,unchanged
train_0674,True,True,Z-F8,unchanged
train_0675,False,False,Z-F8,unchanged
train_0680,False,True,Z-F8,wrong_to_right
train_0681,True,True,Z-F8,unchanged
train_0682,False,False,Z-F8,unchanged
train_0685,True,True,Z-F8,unchanged
train_0686,False,False,Z-F8,unchanged
train_0696,False,False,Z-F8,unchanged
train_0697,True,True,Z-F8,unchanged
train_0698,True,True,Z-F8,unchanged
train_0731,True,True,Z-F8,unchanged
train_0732,False,False,Z-F8,unchanged
train_0733,False,False,Z-F8,unchanged
train_0739,False,False,Z-F8,unchanged
train_0740,False,False,Z-F8,unchanged
train_0741,True,True,Z-F8,unchanged
train_0765,False,True,Z-F8,wrong_to_right
train_0781,True,True,Z-F8,unchanged
train_0782,False,False,Z-F8,unchanged
train_0787,False,False,Z-F8,unchanged
train_0788,False,False,Z-F8,unchanged
train_0789,True,True,Z-F8,unchanged
train_0790,False,False,Z-F8,unchanged
train_0810,False,False,Z-F8,unchanged
train_0811,True,True,Z-F8,unchanged
train_0812,True,True,Z-F8,unchanged
train_0816,False,False,Z-F8,unchanged
train_0817,True,True,Z-F8,unchanged
train_0818,True,True,Z-F8,unchanged
train_0830,False,False,Z-F8,unchanged
train_0831,True,True,Z-F8,unchanged
train_0832,True,True,Z-F8,unchanged
train_0842,False,False,Z-F8,unchanged
train_0843,True,False,Z-F8,right_to_wrong
train_0858,True,False,Z-F8,right_to_wrong
train_0859,False,False,Z-F8,unchanged
train_0864,False,False,Z-F8,unchanged
train_0865,False,False,Z-F8,unchanged
train_0866,False,False,Z-F8,unchanged
train_0867,True,True,Z-F8,unchanged
train_0912,False,False,Z-F8,unchanged
train_0913,False,False,Z-F8,unchanged
train_0914,False,False,Z-F8,unchanged
train_0915,True,True,Z-F8,unchanged
train_0916,True,False,Z-F8,right_to_wrong
train_0917,False,False,Z-F8,unchanged
train_0933,True,True,Z-F8,unchanged
train_0934,False,False,Z-F8,unchanged
train_0943,False,False,Z-F8,unchanged
train_0944,False,False,Z-F8,unchanged
train_0949,True,True,Z-F8,unchanged
train_0950,False,False,Z-F8,unchanged
train_0951,False,True,Z-F8,wrong_to_right
train_0952,True,True,Z-F8,unchanged
train_0959,False,False,Z-F8,unchanged
train_0960,False,False,Z-F8,unchanged
train_0969,False,False,Z-F8,unchanged
train_0970,False,False,Z-F8,unchanged
train_0991,False,False,Z-F8,unchanged
train_0992,True,True,Z-F8,unchanged
train_1003,True,False,Z-F8,right_to_wrong
train_1004,False,True,Z-F8,wrong_to_right
train_1007,True,True,Z-F8,unchanged
train_1008,False,False,Z-F8,unchanged
train_1015,False,False,Z-F8,unchanged
train_1016,True,True,Z-F8,unchanged
train_1038,True,False,Z-F8,right_to_wrong
train_1039,True,True,Z-F8,unchanged
train_1044,False,False,Z-F8,unchanged
train_1048,True,True,Z-F8,unchanged
train_1049,False,False,Z-F8,unchanged
train_1052,True,True,Z-F8,unchanged
train_1053,True,True,Z-F8,unchanged
train_1069,True,True,Z-F8,unchanged
train_1070,False,False,Z-F8,unchanged
train_1072,True,False,Z-F8,right_to_wrong
train_1088,False,False,Z-F8,unchanged
train_1089,False,False,Z-F8,unchanged
train_1094,True,True,Z-F8,unchanged
train_1095,False,True,Z-F8,wrong_to_right
train_1112,True,True,Z-F8,unchanged
train_1113,False,False,Z-F8,unchanged
train_1118,False,False,Z-F8,unchanged
train_1119,False,False,Z-F8,unchanged
train_1120,True,True,Z-F8,unchanged
train_1121,True,True,Z-F8,unchanged
train_1124,False,True,Z-F8,wrong_to_right
train_1125,False,False,Z-F8,unchanged
train_1129,False,False,Z-F8,unchanged
train_1130,False,False,Z-F8,unchanged
train_1135,False,True,Z-F8,wrong_to_right
train_1136,False,False,Z-F8,unchanged
train_1139,False,False,Z-F8,unchanged
train_1140,False,False,Z-F8,unchanged
train_1143,False,False,Z-F8,unchanged
train_1144,True,True,Z-F8,unchanged
train_1148,False,False,Z-F8,unchanged
train_1159,True,True,Z-F8,unchanged
train_1160,False,False,Z-F8,unchanged
train_1170,False,False,Z-F8,unchanged
train_1173,True,True,Z-F8,unchanged
train_1177,True,False,Z-F8,right_to_wrong
train_1181,False,True,Z-F8,wrong_to_right
train_1184,True,True,Z-F8,unchanged
train_1188,True,False,Z-F8,right_to_wrong
train_1192,True,True,Z-F8,unchanged
train_1194,True,True,Z-F8,unchanged
train_1195,True,True,Z-F8,unchanged
train_1196,True,True,Z-F8,unchanged
train_1201,True,True,Z-F8,unchanged
train_1205,True,True,Z-F8,unchanged
train_1211,False,False,Z-F8,unchanged
train_1212,False,False,Z-F8,unchanged
train_1224,False,True,Z-F8,wrong_to_right
train_1225,True,False,Z-F8,right_to_wrong
train_1232,False,False,Z-F8,unchanged
train_1234,False,True,Z-F8,wrong_to_right
train_1243,False,False,Z-F8,unchanged
train_1255,True,True,Z-F8,unchanged
train_1269,False,True,Z-F8,wrong_to_right
train_1274,False,False,Z-F8,unchanged
train_1276,True,True,Z-F8,unchanged
train_1279,False,False,Z-F8,unchanged
train_1282,True,True,Z-F8,unchanged
train_1291,False,True,Z-F8,wrong_to_right
train_1292,False,True,Z-F8,wrong_to_right
train_1293,True,True,Z-F8,unchanged
train_1294,True,True,Z-F8,unchanged
train_1299,False,True,Z-F8,wrong_to_right
train_1302,False,True,Z-F8,wrong_to_right
train_1306,True,True,Z-F8,unchanged
train_1308,False,False,Z-F8,unchanged
train_1315,False,True,Z-F8,wrong_to_right
train_1331,False,False,Z-F8,unchanged
train_1345,False,False,Z-F8,unchanged
train_1351,False,True,Z-F8,wrong_to_right
train_1352,False,False,Z-F8,unchanged
train_1353,False,False,Z-F8,unchanged
train_1356,False,False,Z-F8,unchanged
train_1361,False,False,Z-F8,unchanged
train_1363,True,False,Z-F8,right_to_wrong
train_1368,False,True,Z-F8,wrong_to_right
train_1372,False,False,Z-F8,unchanged
train_1375,True,False,Z-F8,right_to_wrong
train_1377,True,True,Z-F8,unchanged
train_1385,True,True,Z-F8,unchanged
train_1389,False,True,Z-F8,wrong_to_right
train_1390,True,True,Z-F8,unchanged
train_1396,False,False,Z-F8,unchanged
train_1401,False,True,Z-F8,wrong_to_right
train_1406,True,True,Z-F8,unchanged
train_1409,True,True,Z-F8,unchanged
train_1421,True,True,Z-F8,unchanged
train_1423,True,True,Z-F8,unchanged
train_1424,False,False,Z-F8,unchanged
train_1426,True,True,Z-F8,unchanged
train_1439,True,True,Z-F8,unchanged
train_1453,False,False,Z-F8,unchanged
train_1464,False,False,Z-F8,unchanged
train_1472,False,False,Z-F8,unchanged
train_1482,True,True,Z-F8,unchanged
train_0006,True,True,L16-F1,unchanged
train_0040,True,True,L16-F1,unchanged
train_0041,True,True,L16-F1,unchanged
train_0042,False,False,L16-F1,unchanged
train_0043,True,True,L16-F1,unchanged
train_0044,True,True,L16-F1,unchanged
train_0050,False,False,L16-F1,unchanged
train_0051,False,False,L16-F1,unchanged
train_0058,True,True,L16-F1,unchanged
train_0059,True,False,L16-F1,right_to_wrong
train_0060,True,True,L16-F1,unchanged
train_0061,True,True,L16-F1,unchanged
train_0062,True,True,L16-F1,unchanged
train_0063,True,True,L16-F1,unchanged
train_0070,True,True,L16-F1,unchanged
train_0071,True,True,L16-F1,unchanged
train_0078,True,True,L16-F1,unchanged
train_0079,True,True,L16-F1,unchanged
train_0088,False,True,L16-F1,wrong_to_right
train_0089,False,False,L16-F1,unchanged
train_0092,True,True,L16-F1,unchanged
train_0093,False,False,L16-F1,unchanged
train_0098,True,True,L16-F1,unchanged
train_0099,False,False,L16-F1,unchanged
train_0104,False,False,L16-F1,unchanged
train_0105,False,False,L16-F1,unchanged
train_0106,True,True,L16-F1,unchanged
train_0107,True,True,L16-F1,unchanged
train_0115,False,False,L16-F1,unchanged
train_0116,True,True,L16-F1,unchanged
train_0117,True,True,L16-F1,unchanged
train_0118,True,True,L16-F1,unchanged
train_0119,True,True,L16-F1,unchanged
train_0120,True,True,L16-F1,unchanged
train_0121,True,True,L16-F1,unchanged
train_0134,False,False,L16-F1,unchanged
train_0135,True,True,L16-F1,unchanged
train_0136,False,False,L16-F1,unchanged
train_0137,True,True,L16-F1,unchanged
train_0138,False,False,L16-F1,unchanged
train_0141,True,True,L16-F1,unchanged
train_0142,True,True,L16-F1,unchanged
train_0157,False,False,L16-F1,unchanged
train_0158,False,False,L16-F1,unchanged
train_0159,False,False,L16-F1,unchanged
train_0162,False,True,L16-F1,wrong_to_right
train_0163,True,True,L16-F1,unchanged
train_0164,False,True,L16-F1,wrong_to_right
train_0166,False,False,L16-F1,unchanged
train_0167,False,False,L16-F1,unchanged
train_0168,True,True,L16-F1,unchanged
train_0182,True,False,L16-F1,right_to_wrong
train_0183,False,False,L16-F1,unchanged
train_0184,False,True,L16-F1,wrong_to_right
train_0185,False,False,L16-F1,unchanged
train_0186,True,True,L16-F1,unchanged
train_0191,False,False,L16-F1,unchanged
train_0192,True,True,L16-F1,unchanged
train_0193,True,True,L16-F1,unchanged
train_0199,False,True,L16-F1,wrong_to_right
train_0200,True,True,L16-F1,unchanged
train_0228,True,True,L16-F1,unchanged
train_0229,False,False,L16-F1,unchanged
train_0236,False,False,L16-F1,unchanged
train_0237,False,False,L16-F1,unchanged
train_0240,False,False,L16-F1,unchanged
train_0241,True,True,L16-F1,unchanged
train_0246,False,False,L16-F1,unchanged
train_0247,True,True,L16-F1,unchanged
train_0268,True,True,L16-F1,unchanged
train_0269,False,False,L16-F1,unchanged
train_0272,False,False,L16-F1,unchanged
train_0273,True,True,L16-F1,unchanged
train_0274,False,False,L16-F1,unchanged
train_0275,False,False,L16-F1,unchanged
train_0276,False,False,L16-F1,unchanged
train_0277,True,True,L16-F1,unchanged
train_0278,True,True,L16-F1,unchanged
train_0279,False,False,L16-F1,unchanged
train_0280,True,True,L16-F1,unchanged
train_0288,True,False,L16-F1,right_to_wrong
train_0289,False,False,L16-F1,unchanged
train_0290,False,True,L16-F1,wrong_to_right
train_0318,True,True,L16-F1,unchanged
train_0319,True,True,L16-F1,unchanged
train_0357,False,False,L16-F1,unchanged
train_0358,False,False,L16-F1,unchanged
train_0359,False,False,L16-F1,unchanged
train_0364,False,False,L16-F1,unchanged
train_0365,False,False,L16-F1,unchanged
train_0371,False,False,L16-F1,unchanged
train_0372,False,False,L16-F1,unchanged
train_0373,True,True,L16-F1,unchanged
train_0374,False,False,L16-F1,unchanged
train_0378,False,False,L16-F1,unchanged
train_0379,False,False,L16-F1,unchanged
train_0380,True,False,L16-F1,right_to_wrong
train_0381,False,True,L16-F1,wrong_to_right
train_0385,False,False,L16-F1,unchanged
train_0404,False,False,L16-F1,unchanged
train_0405,False,False,L16-F1,unchanged
train_0442,True,True,L16-F1,unchanged
train_0443,True,True,L16-F1,unchanged
train_0450,False,True,L16-F1,wrong_to_right
train_0451,False,False,L16-F1,unchanged
train_0463,True,True,L16-F1,unchanged
train_0464,True,True,L16-F1,unchanged
train_0476,False,True,L16-F1,wrong_to_right
train_0477,True,True,L16-F1,unchanged
train_0478,False,True,L16-F1,wrong_to_right
train_0485,False,False,L16-F1,unchanged
train_0486,False,True,L16-F1,wrong_to_right
train_0490,False,False,L16-F1,unchanged
train_0491,False,False,L16-F1,unchanged
train_0499,True,True,L16-F1,unchanged
train_0502,False,False,L16-F1,unchanged
train_0503,False,False,L16-F1,unchanged
train_0518,True,True,L16-F1,unchanged
train_0519,True,True,L16-F1,unchanged
train_0520,True,True,L16-F1,unchanged
train_0528,False,False,L16-F1,unchanged
train_0529,False,False,L16-F1,unchanged
train_0530,True,True,L16-F1,unchanged
train_0531,False,False,L16-F1,unchanged
train_0587,True,True,L16-F1,unchanged
train_0588,False,True,L16-F1,wrong_to_right
train_0604,False,False,L16-F1,unchanged
train_0605,False,False,L16-F1,unchanged
train_0606,False,False,L16-F1,unchanged
train_0613,False,False,L16-F1,unchanged
train_0614,False,False,L16-F1,unchanged
train_0615,False,False,L16-F1,unchanged
train_0625,True,True,L16-F1,unchanged
train_0626,False,False,L16-F1,unchanged
train_0644,False,False,L16-F1,unchanged
train_0645,False,False,L16-F1,unchanged
train_0646,True,True,L16-F1,unchanged
train_0674,True,True,L16-F1,unchanged
train_0675,False,False,L16-F1,unchanged
train_0680,False,False,L16-F1,unchanged
train_0681,True,True,L16-F1,unchanged
train_0682,False,False,L16-F1,unchanged
train_0685,True,False,L16-F1,right_to_wrong
train_0686,False,False,L16-F1,unchanged
train_0696,False,False,L16-F1,unchanged
train_0697,True,True,L16-F1,unchanged
train_0698,True,True,L16-F1,unchanged
train_0731,True,False,L16-F1,right_to_wrong
train_0732,False,False,L16-F1,unchanged
train_0733,False,False,L16-F1,unchanged
train_0739,False,True,L16-F1,wrong_to_right
train_0740,False,False,L16-F1,unchanged
train_0741,True,True,L16-F1,unchanged
train_0765,False,True,L16-F1,wrong_to_right
train_0781,True,False,L16-F1,right_to_wrong
train_0782,False,False,L16-F1,unchanged
train_0787,False,True,L16-F1,wrong_to_right
train_0788,False,False,L16-F1,unchanged
train_0789,True,True,L16-F1,unchanged
train_0790,False,False,L16-F1,unchanged
train_0810,False,False,L16-F1,unchanged
train_0811,True,False,L16-F1,right_to_wrong
train_0812,True,True,L16-F1,unchanged
train_0816,False,False,L16-F1,unchanged
train_0817,True,False,L16-F1,right_to_wrong
train_0818,True,True,L16-F1,unchanged
train_0830,False,False,L16-F1,unchanged
train_0831,True,True,L16-F1,unchanged
train_0832,True,True,L16-F1,unchanged
train_0842,False,False,L16-F1,unchanged
train_0843,True,True,L16-F1,unchanged
train_0858,True,False,L16-F1,right_to_wrong
train_0859,False,False,L16-F1,unchanged
train_0864,False,False,L16-F1,unchanged
train_0865,False,False,L16-F1,unchanged
train_0866,False,False,L16-F1,unchanged
train_0867,True,True,L16-F1,unchanged
train_0912,False,False,L16-F1,unchanged
train_0913,False,False,L16-F1,unchanged
train_0914,False,False,L16-F1,unchanged
train_0915,True,True,L16-F1,unchanged
train_0916,True,True,L16-F1,unchanged
train_0917,False,True,L16-F1,wrong_to_right
train_0933,True,True,L16-F1,unchanged
train_0934,False,False,L16-F1,unchanged
train_0943,False,False,L16-F1,unchanged
train_0944,False,False,L16-F1,unchanged
train_0949,True,True,L16-F1,unchanged
train_0950,False,True,L16-F1,wrong_to_right
train_0951,False,True,L16-F1,wrong_to_right
train_0952,True,True,L16-F1,unchanged
train_0959,False,False,L16-F1,unchanged
train_0960,False,False,L16-F1,unchanged
train_0969,False,False,L16-F1,unchanged
train_0970,False,False,L16-F1,unchanged
train_0991,False,False,L16-F1,unchanged
train_0992,True,True,L16-F1,unchanged
train_1003,True,True,L16-F1,unchanged
train_1004,False,True,L16-F1,wrong_to_right
train_1007,True,False,L16-F1,right_to_wrong
train_1008,False,False,L16-F1,unchanged
train_1015,False,True,L16-F1,wrong_to_right
train_1016,True,False,L16-F1,right_to_wrong
train_1038,True,True,L16-F1,unchanged
train_1039,True,True,L16-F1,unchanged
train_1044,False,False,L16-F1,unchanged
train_1048,True,False,L16-F1,right_to_wrong
train_1049,False,False,L16-F1,unchanged
train_1052,True,True,L16-F1,unchanged
train_1053,True,True,L16-F1,unchanged
train_1069,True,True,L16-F1,unchanged
train_1070,False,False,L16-F1,unchanged
train_1072,True,True,L16-F1,unchanged
train_1088,False,False,L16-F1,unchanged
train_1089,False,False,L16-F1,unchanged
train_1094,True,True,L16-F1,unchanged
train_1095,False,False,L16-F1,unchanged
train_1112,True,False,L16-F1,right_to_wrong
train_1113,False,False,L16-F1,unchanged
train_1118,False,False,L16-F1,unchanged
train_1119,False,True,L16-F1,wrong_to_right
train_1120,True,False,L16-F1,right_to_wrong
train_1121,True,True,L16-F1,unchanged
train_1124,False,False,L16-F1,unchanged
train_1125,False,True,L16-F1,wrong_to_right
train_1129,False,False,L16-F1,unchanged
train_1130,False,False,L16-F1,unchanged
train_1135,False,False,L16-F1,unchanged
train_1136,False,False,L16-F1,unchanged
train_1139,False,False,L16-F1,unchanged
train_1140,False,False,L16-F1,unchanged
train_1143,False,False,L16-F1,unchanged
train_1144,True,True,L16-F1,unchanged
train_1148,False,False,L16-F1,unchanged
train_1159,True,False,L16-F1,right_to_wrong
train_1160,False,False,L16-F1,unchanged
train_1170,False,True,L16-F1,wrong_to_right
train_1173,True,True,L16-F1,unchanged
train_1177,True,False,L16-F1,right_to_wrong
train_1181,False,True,L16-F1,wrong_to_right
train_1184,True,True,L16-F1,unchanged
train_1188,True,False,L16-F1,right_to_wrong
train_1192,True,True,L16-F1,unchanged
train_1194,True,True,L16-F1,unchanged
train_1195,True,True,L16-F1,unchanged
train_1196,True,True,L16-F1,unchanged
train_1201,True,True,L16-F1,unchanged
train_1205,True,False,L16-F1,right_to_wrong
train_1211,False,False,L16-F1,unchanged
train_1212,False,False,L16-F1,unchanged
train_1224,False,True,L16-F1,wrong_to_right
train_1225,True,True,L16-F1,unchanged
train_1232,False,False,L16-F1,unchanged
train_1234,False,False,L16-F1,unchanged
train_1243,False,False,L16-F1,unchanged
train_1255,True,True,L16-F1,unchanged
train_1269,False,False,L16-F1,unchanged
train_1274,False,True,L16-F1,wrong_to_right
train_1276,True,True,L16-F1,unchanged
train_1279,False,False,L16-F1,unchanged
train_1282,True,True,L16-F1,unchanged
train_1291,False,False,L16-F1,unchanged
train_1292,False,False,L16-F1,unchanged
train_1293,True,False,L16-F1,right_to_wrong
train_1294,True,True,L16-F1,unchanged
train_1299,False,True,L16-F1,wrong_to_right
train_1302,False,True,L16-F1,wrong_to_right
train_1306,True,True,L16-F1,unchanged
train_1308,False,False,L16-F1,unchanged
train_1315,False,False,L16-F1,unchanged
train_1331,False,False,L16-F1,unchanged
train_1345,False,False,L16-F1,unchanged
train_1351,False,False,L16-F1,unchanged
train_1352,False,False,L16-F1,unchanged
train_1353,False,False,L16-F1,unchanged
train_1356,False,False,L16-F1,unchanged
train_1361,False,False,L16-F1,unchanged
train_1363,True,True,L16-F1,unchanged
train_1368,False,False,L16-F1,unchanged
train_1372,False,False,L16-F1,unchanged
train_1375,True,False,L16-F1,right_to_wrong
train_1377,True,True,L16-F1,unchanged
train_1385,True,False,L16-F1,right_to_wrong
train_1389,False,True,L16-F1,wrong_to_right
train_1390,True,True,L16-F1,unchanged
train_1396,False,False,L16-F1,unchanged
train_1401,False,True,L16-F1,wrong_to_right
train_1406,True,True,L16-F1,unchanged
train_1409,True,True,L16-F1,unchanged
train_1421,True,True,L16-F1,unchanged
train_1423,True,True,L16-F1,unchanged
train_1424,False,False,L16-F1,unchanged
train_1426,True,True,L16-F1,unchanged
train_1439,True,False,L16-F1,right_to_wrong
train_1453,False,False,L16-F1,unchanged
train_1464,False,False,L16-F1,unchanged
train_1472,False,False,L16-F1,unchanged
train_1482,True,True,L16-F1,unchanged
train_0006,True,True,L16-F3,unchanged
train_0040,True,True,L16-F3,unchanged
train_0041,True,True,L16-F3,unchanged
train_0042,False,False,L16-F3,unchanged
train_0043,True,True,L16-F3,unchanged
train_0044,True,True,L16-F3,unchanged
train_0050,False,False,L16-F3,unchanged
train_0051,False,False,L16-F3,unchanged
train_0058,True,False,L16-F3,right_to_wrong
train_0059,True,True,L16-F3,unchanged
train_0060,True,False,L16-F3,right_to_wrong
train_0061,True,False,L16-F3,right_to_wrong
train_0062,True,False,L16-F3,right_to_wrong
train_0063,True,True,L16-F3,unchanged
train_0070,True,False,L16-F3,right_to_wrong
train_0071,True,False,L16-F3,right_to_wrong
train_0078,True,True,L16-F3,unchanged
train_0079,True,True,L16-F3,unchanged
train_0088,False,True,L16-F3,wrong_to_right
train_0089,False,False,L16-F3,unchanged
train_0092,True,True,L16-F3,unchanged
train_0093,False,False,L16-F3,unchanged
train_0098,True,True,L16-F3,unchanged
train_0099,False,False,L16-F3,unchanged
train_0104,False,False,L16-F3,unchanged
train_0105,False,False,L16-F3,unchanged
train_0106,True,False,L16-F3,right_to_wrong
train_0107,True,True,L16-F3,unchanged
train_0115,False,False,L16-F3,unchanged
train_0116,True,False,L16-F3,right_to_wrong
train_0117,True,True,L16-F3,unchanged
train_0118,True,False,L16-F3,right_to_wrong
train_0119,True,True,L16-F3,unchanged
train_0120,True,True,L16-F3,unchanged
train_0121,True,True,L16-F3,unchanged
train_0134,False,True,L16-F3,wrong_to_right
train_0135,True,True,L16-F3,unchanged
train_0136,False,False,L16-F3,unchanged
train_0137,True,True,L16-F3,unchanged
train_0138,False,False,L16-F3,unchanged
train_0141,True,True,L16-F3,unchanged
train_0142,True,True,L16-F3,unchanged
train_0157,False,False,L16-F3,unchanged
train_0158,False,False,L16-F3,unchanged
train_0159,False,False,L16-F3,unchanged
train_0162,False,True,L16-F3,wrong_to_right
train_0163,True,True,L16-F3,unchanged
train_0164,False,True,L16-F3,wrong_to_right
train_0166,False,False,L16-F3,unchanged
train_0167,False,False,L16-F3,unchanged
train_0168,True,True,L16-F3,unchanged
train_0182,True,False,L16-F3,right_to_wrong
train_0183,False,False,L16-F3,unchanged
train_0184,False,True,L16-F3,wrong_to_right
train_0185,False,True,L16-F3,wrong_to_right
train_0186,True,True,L16-F3,unchanged
train_0191,False,False,L16-F3,unchanged
train_0192,True,True,L16-F3,unchanged
train_0193,True,True,L16-F3,unchanged
train_0199,False,True,L16-F3,wrong_to_right
train_0200,True,True,L16-F3,unchanged
train_0228,True,True,L16-F3,unchanged
train_0229,False,False,L16-F3,unchanged
train_0236,False,False,L16-F3,unchanged
train_0237,False,True,L16-F3,wrong_to_right
train_0240,False,True,L16-F3,wrong_to_right
train_0241,True,True,L16-F3,unchanged
train_0246,False,True,L16-F3,wrong_to_right
train_0247,True,True,L16-F3,unchanged
train_0268,True,True,L16-F3,unchanged
train_0269,False,True,L16-F3,wrong_to_right
train_0272,False,False,L16-F3,unchanged
train_0273,True,False,L16-F3,right_to_wrong
train_0274,False,False,L16-F3,unchanged
train_0275,False,False,L16-F3,unchanged
train_0276,False,False,L16-F3,unchanged
train_0277,True,True,L16-F3,unchanged
train_0278,True,True,L16-F3,unchanged
train_0279,False,False,L16-F3,unchanged
train_0280,True,True,L16-F3,unchanged
train_0288,True,True,L16-F3,unchanged
train_0289,False,False,L16-F3,unchanged
train_0290,False,False,L16-F3,unchanged
train_0318,True,True,L16-F3,unchanged
train_0319,True,True,L16-F3,unchanged
train_0357,False,False,L16-F3,unchanged
train_0358,False,False,L16-F3,unchanged
train_0359,False,False,L16-F3,unchanged
train_0364,False,False,L16-F3,unchanged
train_0365,False,False,L16-F3,unchanged
train_0371,False,False,L16-F3,unchanged
train_0372,False,False,L16-F3,unchanged
train_0373,True,True,L16-F3,unchanged
train_0374,False,False,L16-F3,unchanged
train_0378,False,False,L16-F3,unchanged
train_0379,False,False,L16-F3,unchanged
train_0380,True,True,L16-F3,unchanged
train_0381,False,True,L16-F3,wrong_to_right
train_0385,False,True,L16-F3,wrong_to_right
train_0404,False,False,L16-F3,unchanged
train_0405,False,False,L16-F3,unchanged
train_0442,True,True,L16-F3,unchanged
train_0443,True,True,L16-F3,unchanged
train_0450,False,True,L16-F3,wrong_to_right
train_0451,False,False,L16-F3,unchanged
train_0463,True,True,L16-F3,unchanged
train_0464,True,True,L16-F3,unchanged
train_0476,False,True,L16-F3,wrong_to_right
train_0477,True,True,L16-F3,unchanged
train_0478,False,True,L16-F3,wrong_to_right
train_0485,False,False,L16-F3,unchanged
train_0486,False,True,L16-F3,wrong_to_right
train_0490,False,False,L16-F3,unchanged
train_0491,False,False,L16-F3,unchanged
train_0499,True,True,L16-F3,unchanged
train_0502,False,False,L16-F3,unchanged
train_0503,False,False,L16-F3,unchanged
train_0518,True,True,L16-F3,unchanged
train_0519,True,True,L16-F3,unchanged
train_0520,True,True,L16-F3,unchanged
train_0528,False,False,L16-F3,unchanged
train_0529,False,False,L16-F3,unchanged
train_0530,True,True,L16-F3,unchanged
train_0531,False,False,L16-F3,unchanged
train_0587,True,True,L16-F3,unchanged
train_0588,False,False,L16-F3,unchanged
train_0604,False,False,L16-F3,unchanged
train_0605,False,False,L16-F3,unchanged
train_0606,False,False,L16-F3,unchanged
train_0613,False,False,L16-F3,unchanged
train_0614,False,False,L16-F3,unchanged
train_0615,False,False,L16-F3,unchanged
train_0625,True,True,L16-F3,unchanged
train_0626,False,True,L16-F3,wrong_to_right
train_0644,False,False,L16-F3,unchanged
train_0645,False,False,L16-F3,unchanged
train_0646,True,True,L16-F3,unchanged
train_0674,True,True,L16-F3,unchanged
train_0675,False,False,L16-F3,unchanged
train_0680,False,False,L16-F3,unchanged
train_0681,True,True,L16-F3,unchanged
train_0682,False,False,L16-F3,unchanged
train_0685,True,False,L16-F3,right_to_wrong
train_0686,False,True,L16-F3,wrong_to_right
train_0696,False,False,L16-F3,unchanged
train_0697,True,True,L16-F3,unchanged
train_0698,True,True,L16-F3,unchanged
train_0731,True,False,L16-F3,right_to_wrong
train_0732,False,False,L16-F3,unchanged
train_0733,False,False,L16-F3,unchanged
train_0739,False,True,L16-F3,wrong_to_right
train_0740,False,False,L16-F3,unchanged
train_0741,True,True,L16-F3,unchanged
train_0765,False,True,L16-F3,wrong_to_right
train_0781,True,True,L16-F3,unchanged
train_0782,False,False,L16-F3,unchanged
train_0787,False,True,L16-F3,wrong_to_right
train_0788,False,False,L16-F3,unchanged
train_0789,True,True,L16-F3,unchanged
train_0790,False,True,L16-F3,wrong_to_right
train_0810,False,False,L16-F3,unchanged
train_0811,True,True,L16-F3,unchanged
train_0812,True,True,L16-F3,unchanged
train_0816,False,False,L16-F3,unchanged
train_0817,True,True,L16-F3,unchanged
train_0818,True,False,L16-F3,right_to_wrong
train_0830,False,False,L16-F3,unchanged
train_0831,True,True,L16-F3,unchanged
train_0832,True,True,L16-F3,unchanged
train_0842,False,False,L16-F3,unchanged
train_0843,True,True,L16-F3,unchanged
train_0858,True,False,L16-F3,right_to_wrong
train_0859,False,False,L16-F3,unchanged
train_0864,False,True,L16-F3,wrong_to_right
train_0865,False,False,L16-F3,unchanged
train_0866,False,False,L16-F3,unchanged
train_0867,True,False,L16-F3,right_to_wrong
train_0912,False,False,L16-F3,unchanged
train_0913,False,True,L16-F3,wrong_to_right
train_0914,False,False,L16-F3,unchanged
train_0915,True,True,L16-F3,unchanged
train_0916,True,True,L16-F3,unchanged
train_0917,False,True,L16-F3,wrong_to_right
train_0933,True,True,L16-F3,unchanged
train_0934,False,False,L16-F3,unchanged
train_0943,False,False,L16-F3,unchanged
train_0944,False,False,L16-F3,unchanged
train_0949,True,True,L16-F3,unchanged
train_0950,False,True,L16-F3,wrong_to_right
train_0951,False,False,L16-F3,unchanged
train_0952,True,True,L16-F3,unchanged
train_0959,False,False,L16-F3,unchanged
train_0960,False,False,L16-F3,unchanged
train_0969,False,False,L16-F3,unchanged
train_0970,False,False,L16-F3,unchanged
train_0991,False,True,L16-F3,wrong_to_right
train_0992,True,True,L16-F3,unchanged
train_1003,True,False,L16-F3,right_to_wrong
train_1004,False,True,L16-F3,wrong_to_right
train_1007,True,True,L16-F3,unchanged
train_1008,False,False,L16-F3,unchanged
train_1015,False,False,L16-F3,unchanged
train_1016,True,False,L16-F3,right_to_wrong
train_1038,True,False,L16-F3,right_to_wrong
train_1039,True,True,L16-F3,unchanged
train_1044,False,False,L16-F3,unchanged
train_1048,True,False,L16-F3,right_to_wrong
train_1049,False,False,L16-F3,unchanged
train_1052,True,True,L16-F3,unchanged
train_1053,True,True,L16-F3,unchanged
train_1069,True,True,L16-F3,unchanged
train_1070,False,False,L16-F3,unchanged
train_1072,True,True,L16-F3,unchanged
train_1088,False,False,L16-F3,unchanged
train_1089,False,True,L16-F3,wrong_to_right
train_1094,True,True,L16-F3,unchanged
train_1095,False,False,L16-F3,unchanged
train_1112,True,False,L16-F3,right_to_wrong
train_1113,False,False,L16-F3,unchanged
train_1118,False,False,L16-F3,unchanged
train_1119,False,False,L16-F3,unchanged
train_1120,True,False,L16-F3,right_to_wrong
train_1121,True,True,L16-F3,unchanged
train_1124,False,False,L16-F3,unchanged
train_1125,False,True,L16-F3,wrong_to_right
train_1129,False,False,L16-F3,unchanged
train_1130,False,False,L16-F3,unchanged
train_1135,False,False,L16-F3,unchanged
train_1136,False,False,L16-F3,unchanged
train_1139,False,False,L16-F3,unchanged
train_1140,False,False,L16-F3,unchanged
train_1143,False,False,L16-F3,unchanged
train_1144,True,False,L16-F3,right_to_wrong
train_1148,False,False,L16-F3,unchanged
train_1159,True,False,L16-F3,right_to_wrong
train_1160,False,False,L16-F3,unchanged
train_1170,False,False,L16-F3,unchanged
train_1173,True,False,L16-F3,right_to_wrong
train_1177,True,False,L16-F3,right_to_wrong
train_1181,False,True,L16-F3,wrong_to_right
train_1184,True,False,L16-F3,right_to_wrong
train_1188,True,False,L16-F3,right_to_wrong
train_1192,True,True,L16-F3,unchanged
train_1194,True,True,L16-F3,unchanged
train_1195,True,True,L16-F3,unchanged
train_1196,True,True,L16-F3,unchanged
train_1201,True,True,L16-F3,unchanged
train_1205,True,True,L16-F3,unchanged
train_1211,False,False,L16-F3,unchanged
train_1212,False,False,L16-F3,unchanged
train_1224,False,True,L16-F3,wrong_to_right
train_1225,True,False,L16-F3,right_to_wrong
train_1232,False,False,L16-F3,unchanged
train_1234,False,False,L16-F3,unchanged
train_1243,False,True,L16-F3,wrong_to_right
train_1255,True,False,L16-F3,right_to_wrong
train_1269,False,True,L16-F3,wrong_to_right
train_1274,False,True,L16-F3,wrong_to_right
train_1276,True,True,L16-F3,unchanged
train_1279,False,False,L16-F3,unchanged
train_1282,True,True,L16-F3,unchanged
train_1291,False,True,L16-F3,wrong_to_right
train_1292,False,False,L16-F3,unchanged
train_1293,True,True,L16-F3,unchanged
train_1294,True,False,L16-F3,right_to_wrong
train_1299,False,True,L16-F3,wrong_to_right
train_1302,False,True,L16-F3,wrong_to_right
train_1306,True,True,L16-F3,unchanged
train_1308,False,False,L16-F3,unchanged
train_1315,False,False,L16-F3,unchanged
train_1331,False,True,L16-F3,wrong_to_right
train_1345,False,False,L16-F3,unchanged
train_1351,False,False,L16-F3,unchanged
train_1352,False,False,L16-F3,unchanged
train_1353,False,True,L16-F3,wrong_to_right
train_1356,False,False,L16-F3,unchanged
train_1361,False,True,L16-F3,wrong_to_right
train_1363,True,True,L16-F3,unchanged
train_1368,False,True,L16-F3,wrong_to_right
train_1372,False,False,L16-F3,unchanged
train_1375,True,False,L16-F3,right_to_wrong
train_1377,True,False,L16-F3,right_to_wrong
train_1385,True,False,L16-F3,right_to_wrong
train_1389,False,True,L16-F3,wrong_to_right
train_1390,True,True,L16-F3,unchanged
train_1396,False,False,L16-F3,unchanged
train_1401,False,True,L16-F3,wrong_to_right
train_1406,True,True,L16-F3,unchanged
train_1409,True,True,L16-F3,unchanged
train_1421,True,True,L16-F3,unchanged
train_1423,True,True,L16-F3,unchanged
train_1424,False,False,L16-F3,unchanged
train_1426,True,True,L16-F3,unchanged
train_1439,True,False,L16-F3,right_to_wrong
train_1453,False,False,L16-F3,unchanged
train_1464,False,False,L16-F3,unchanged
train_1472,False,False,L16-F3,unchanged
train_1482,True,True,L16-F3,unchanged
train_0006,True,True,L16-F8,unchanged
train_0040,True,True,L16-F8,unchanged
train_0041,True,True,L16-F8,unchanged
train_0042,False,False,L16-F8,unchanged
train_0043,True,True,L16-F8,unchanged
train_0044,True,True,L16-F8,unchanged
train_0050,False,True,L16-F8,wrong_to_right
train_0051,False,False,L16-F8,unchanged
train_0058,True,False,L16-F8,right_to_wrong
train_0059,True,False,L16-F8,right_to_wrong
train_0060,True,False,L16-F8,right_to_wrong
train_0061,True,False,L16-F8,right_to_wrong
train_0062,True,False,L16-F8,right_to_wrong
train_0063,True,True,L16-F8,unchanged
train_0070,True,True,L16-F8,unchanged
train_0071,True,False,L16-F8,right_to_wrong
train_0078,True,True,L16-F8,unchanged
train_0079,True,True,L16-F8,unchanged
train_0088,False,True,L16-F8,wrong_to_right
train_0089,False,False,L16-F8,unchanged
train_0092,True,True,L16-F8,unchanged
train_0093,False,False,L16-F8,unchanged
train_0098,True,True,L16-F8,unchanged
train_0099,False,False,L16-F8,unchanged
train_0104,False,True,L16-F8,wrong_to_right
train_0105,False,True,L16-F8,wrong_to_right
train_0106,True,False,L16-F8,right_to_wrong
train_0107,True,True,L16-F8,unchanged
train_0115,False,False,L16-F8,unchanged
train_0116,True,True,L16-F8,unchanged
train_0117,True,True,L16-F8,unchanged
train_0118,True,True,L16-F8,unchanged
train_0119,True,True,L16-F8,unchanged
train_0120,True,False,L16-F8,right_to_wrong
train_0121,True,True,L16-F8,unchanged
train_0134,False,True,L16-F8,wrong_to_right
train_0135,True,True,L16-F8,unchanged
train_0136,False,False,L16-F8,unchanged
train_0137,True,True,L16-F8,unchanged
train_0138,False,False,L16-F8,unchanged
train_0141,True,True,L16-F8,unchanged
train_0142,True,True,L16-F8,unchanged
train_0157,False,False,L16-F8,unchanged
train_0158,False,False,L16-F8,unchanged
train_0159,False,False,L16-F8,unchanged
train_0162,False,False,L16-F8,unchanged
train_0163,True,True,L16-F8,unchanged
train_0164,False,True,L16-F8,wrong_to_right
train_0166,False,False,L16-F8,unchanged
train_0167,False,False,L16-F8,unchanged
train_0168,True,True,L16-F8,unchanged
train_0182,True,False,L16-F8,right_to_wrong
train_0183,False,False,L16-F8,unchanged
train_0184,False,True,L16-F8,wrong_to_right
train_0185,False,True,L16-F8,wrong_to_right
train_0186,True,True,L16-F8,unchanged
train_0191,False,False,L16-F8,unchanged
train_0192,True,True,L16-F8,unchanged
train_0193,True,True,L16-F8,unchanged
train_0199,False,True,L16-F8,wrong_to_right
train_0200,True,True,L16-F8,unchanged
train_0228,True,True,L16-F8,unchanged
train_0229,False,False,L16-F8,unchanged
train_0236,False,False,L16-F8,unchanged
train_0237,False,False,L16-F8,unchanged
train_0240,False,True,L16-F8,wrong_to_right
train_0241,True,True,L16-F8,unchanged
train_0246,False,False,L16-F8,unchanged
train_0247,True,True,L16-F8,unchanged
train_0268,True,True,L16-F8,unchanged
train_0269,False,False,L16-F8,unchanged
train_0272,False,False,L16-F8,unchanged
train_0273,True,False,L16-F8,right_to_wrong
train_0274,False,False,L16-F8,unchanged
train_0275,False,False,L16-F8,unchanged
train_0276,False,False,L16-F8,unchanged
train_0277,True,True,L16-F8,unchanged
train_0278,True,True,L16-F8,unchanged
train_0279,False,False,L16-F8,unchanged
train_0280,True,True,L16-F8,unchanged
train_0288,True,True,L16-F8,unchanged
train_0289,False,True,L16-F8,wrong_to_right
train_0290,False,True,L16-F8,wrong_to_right
train_0318,True,True,L16-F8,unchanged
train_0319,True,True,L16-F8,unchanged
train_0357,False,False,L16-F8,unchanged
train_0358,False,False,L16-F8,unchanged
train_0359,False,False,L16-F8,unchanged
train_0364,False,False,L16-F8,unchanged
train_0365,False,False,L16-F8,unchanged
train_0371,False,False,L16-F8,unchanged
train_0372,False,False,L16-F8,unchanged
train_0373,True,True,L16-F8,unchanged
train_0374,False,False,L16-F8,unchanged
train_0378,False,False,L16-F8,unchanged
train_0379,False,False,L16-F8,unchanged
train_0380,True,False,L16-F8,right_to_wrong
train_0381,False,False,L16-F8,unchanged
train_0385,False,True,L16-F8,wrong_to_right
train_0404,False,False,L16-F8,unchanged
train_0405,False,False,L16-F8,unchanged
train_0442,True,True,L16-F8,unchanged
train_0443,True,True,L16-F8,unchanged
train_0450,False,True,L16-F8,wrong_to_right
train_0451,False,False,L16-F8,unchanged
train_0463,True,True,L16-F8,unchanged
train_0464,True,True,L16-F8,unchanged
train_0476,False,True,L16-F8,wrong_to_right
train_0477,True,True,L16-F8,unchanged
train_0478,False,False,L16-F8,unchanged
train_0485,False,True,L16-F8,wrong_to_right
train_0486,False,True,L16-F8,wrong_to_right
train_0490,False,True,L16-F8,wrong_to_right
train_0491,False,False,L16-F8,unchanged
train_0499,True,True,L16-F8,unchanged
train_0502,False,False,L16-F8,unchanged
train_0503,False,False,L16-F8,unchanged
train_0518,True,True,L16-F8,unchanged
train_0519,True,True,L16-F8,unchanged
train_0520,True,True,L16-F8,unchanged
train_0528,False,False,L16-F8,unchanged
train_0529,False,False,L16-F8,unchanged
train_0530,True,True,L16-F8,unchanged
train_0531,False,True,L16-F8,wrong_to_right
train_0587,True,True,L16-F8,unchanged
train_0588,False,True,L16-F8,wrong_to_right
train_0604,False,False,L16-F8,unchanged
train_0605,False,False,L16-F8,unchanged
train_0606,False,False,L16-F8,unchanged
train_0613,False,True,L16-F8,wrong_to_right
train_0614,False,False,L16-F8,unchanged
train_0615,False,False,L16-F8,unchanged
train_0625,True,True,L16-F8,unchanged
train_0626,False,False,L16-F8,unchanged
train_0644,False,False,L16-F8,unchanged
train_0645,False,False,L16-F8,unchanged
train_0646,True,True,L16-F8,unchanged
train_0674,True,True,L16-F8,unchanged
train_0675,False,False,L16-F8,unchanged
train_0680,False,False,L16-F8,unchanged
train_0681,True,True,L16-F8,unchanged
train_0682,False,False,L16-F8,unchanged
train_0685,True,False,L16-F8,right_to_wrong
train_0686,False,False,L16-F8,unchanged
train_0696,False,False,L16-F8,unchanged
train_0697,True,True,L16-F8,unchanged
train_0698,True,True,L16-F8,unchanged
train_0731,True,False,L16-F8,right_to_wrong
train_0732,False,False,L16-F8,unchanged
train_0733,False,False,L16-F8,unchanged
train_0739,False,True,L16-F8,wrong_to_right
train_0740,False,False,L16-F8,unchanged
train_0741,True,True,L16-F8,unchanged
train_0765,False,True,L16-F8,wrong_to_right
train_0781,True,False,L16-F8,right_to_wrong
train_0782,False,False,L16-F8,unchanged
train_0787,False,False,L16-F8,unchanged
train_0788,False,False,L16-F8,unchanged
train_0789,True,True,L16-F8,unchanged
train_0790,False,False,L16-F8,unchanged
train_0810,False,False,L16-F8,unchanged
train_0811,True,False,L16-F8,right_to_wrong
train_0812,True,True,L16-F8,unchanged
train_0816,False,False,L16-F8,unchanged
train_0817,True,False,L16-F8,right_to_wrong
train_0818,True,True,L16-F8,unchanged
train_0830,False,False,L16-F8,unchanged
train_0831,True,True,L16-F8,unchanged
train_0832,True,False,L16-F8,right_to_wrong
train_0842,False,False,L16-F8,unchanged
train_0843,True,True,L16-F8,unchanged
train_0858,True,False,L16-F8,right_to_wrong
train_0859,False,False,L16-F8,unchanged
train_0864,False,False,L16-F8,unchanged
train_0865,False,False,L16-F8,unchanged
train_0866,False,True,L16-F8,wrong_to_right
train_0867,True,False,L16-F8,right_to_wrong
train_0912,False,False,L16-F8,unchanged
train_0913,False,False,L16-F8,unchanged
train_0914,False,False,L16-F8,unchanged
train_0915,True,True,L16-F8,unchanged
train_0916,True,True,L16-F8,unchanged
train_0917,False,True,L16-F8,wrong_to_right
train_0933,True,True,L16-F8,unchanged
train_0934,False,False,L16-F8,unchanged
train_0943,False,True,L16-F8,wrong_to_right
train_0944,False,False,L16-F8,unchanged
train_0949,True,True,L16-F8,unchanged
train_0950,False,True,L16-F8,wrong_to_right
train_0951,False,True,L16-F8,wrong_to_right
train_0952,True,True,L16-F8,unchanged
train_0959,False,False,L16-F8,unchanged
train_0960,False,False,L16-F8,unchanged
train_0969,False,False,L16-F8,unchanged
train_0970,False,False,L16-F8,unchanged
train_0991,False,True,L16-F8,wrong_to_right
train_0992,True,True,L16-F8,unchanged
train_1003,True,False,L16-F8,right_to_wrong
train_1004,False,False,L16-F8,unchanged
train_1007,True,True,L16-F8,unchanged
train_1008,False,False,L16-F8,unchanged
train_1015,False,False,L16-F8,unchanged
train_1016,True,False,L16-F8,right_to_wrong
train_1038,True,False,L16-F8,right_to_wrong
train_1039,True,True,L16-F8,unchanged
train_1044,False,False,L16-F8,unchanged
train_1048,True,False,L16-F8,right_to_wrong
train_1049,False,False,L16-F8,unchanged
train_1052,True,True,L16-F8,unchanged
train_1053,True,True,L16-F8,unchanged
train_1069,True,True,L16-F8,unchanged
train_1070,False,False,L16-F8,unchanged
train_1072,True,False,L16-F8,right_to_wrong
train_1088,False,False,L16-F8,unchanged
train_1089,False,False,L16-F8,unchanged
train_1094,True,True,L16-F8,unchanged
train_1095,False,False,L16-F8,unchanged
train_1112,True,False,L16-F8,right_to_wrong
train_1113,False,False,L16-F8,unchanged
train_1118,False,False,L16-F8,unchanged
train_1119,False,False,L16-F8,unchanged
train_1120,True,False,L16-F8,right_to_wrong
train_1121,True,True,L16-F8,unchanged
train_1124,False,True,L16-F8,wrong_to_right
train_1125,False,True,L16-F8,wrong_to_right
train_1129,False,False,L16-F8,unchanged
train_1130,False,True,L16-F8,wrong_to_right
train_1135,False,True,L16-F8,wrong_to_right
train_1136,False,False,L16-F8,unchanged
train_1139,False,True,L16-F8,wrong_to_right
train_1140,False,False,L16-F8,unchanged
train_1143,False,False,L16-F8,unchanged
train_1144,True,False,L16-F8,right_to_wrong
train_1148,False,False,L16-F8,unchanged
train_1159,True,False,L16-F8,right_to_wrong
train_1160,False,False,L16-F8,unchanged
train_1170,False,True,L16-F8,wrong_to_right
train_1173,True,False,L16-F8,right_to_wrong
train_1177,True,False,L16-F8,right_to_wrong
train_1181,False,False,L16-F8,unchanged
train_1184,True,True,L16-F8,unchanged
train_1188,True,False,L16-F8,right_to_wrong
train_1192,True,True,L16-F8,unchanged
train_1194,True,True,L16-F8,unchanged
train_1195,True,True,L16-F8,unchanged
train_1196,True,True,L16-F8,unchanged
train_1201,True,True,L16-F8,unchanged
train_1205,True,True,L16-F8,unchanged
train_1211,False,False,L16-F8,unchanged
train_1212,False,False,L16-F8,unchanged
train_1224,False,True,L16-F8,wrong_to_right
train_1225,True,False,L16-F8,right_to_wrong
train_1232,False,False,L16-F8,unchanged
train_1234,False,False,L16-F8,unchanged
train_1243,False,False,L16-F8,unchanged
train_1255,True,False,L16-F8,right_to_wrong
train_1269,False,False,L16-F8,unchanged
train_1274,False,False,L16-F8,unchanged
train_1276,True,True,L16-F8,unchanged
train_1279,False,True,L16-F8,wrong_to_right
train_1282,True,True,L16-F8,unchanged
train_1291,False,True,L16-F8,wrong_to_right
train_1292,False,True,L16-F8,wrong_to_right
train_1293,True,True,L16-F8,unchanged
train_1294,True,False,L16-F8,right_to_wrong
train_1299,False,True,L16-F8,wrong_to_right
train_1302,False,True,L16-F8,wrong_to_right
train_1306,True,True,L16-F8,unchanged
train_1308,False,False,L16-F8,unchanged
train_1315,False,True,L16-F8,wrong_to_right
train_1331,False,True,L16-F8,wrong_to_right
train_1345,False,False,L16-F8,unchanged
train_1351,False,True,L16-F8,wrong_to_right
train_1352,False,False,L16-F8,unchanged
train_1353,False,False,L16-F8,unchanged
train_1356,False,False,L16-F8,unchanged
train_1361,False,True,L16-F8,wrong_to_right
train_1363,True,True,L16-F8,unchanged
train_1368,False,False,L16-F8,unchanged
train_1372,False,False,L16-F8,unchanged
train_1375,True,False,L16-F8,right_to_wrong
train_1377,True,True,L16-F8,unchanged
train_1385,True,True,L16-F8,unchanged
train_1389,False,True,L16-F8,wrong_to_right
train_1390,True,True,L16-F8,unchanged
train_1396,False,False,L16-F8,unchanged
train_1401,False,True,L16-F8,wrong_to_right
train_1406,True,True,L16-F8,unchanged
train_1409,True,True,L16-F8,unchanged
train_1421,True,True,L16-F8,unchanged
train_1423,True,True,L16-F8,unchanged
train_1424,False,False,L16-F8,unchanged
train_1426,True,True,L16-F8,unchanged
train_1439,True,True,L16-F8,unchanged
train_1453,False,False,L16-F8,unchanged
train_1464,False,True,L16-F8,wrong_to_right
train_1472,False,False,L16-F8,unchanged
train_1482,True,True,L16-F8,unchanged
train_0006,True,True,L8-F1,unchanged
train_0040,True,True,L8-F1,unchanged
train_0041,True,True,L8-F1,unchanged
train_0042,False,False,L8-F1,unchanged
train_0043,True,True,L8-F1,unchanged
train_0044,True,True,L8-F1,unchanged
train_0050,False,True,L8-F1,wrong_to_right
train_0051,False,False,L8-F1,unchanged
train_0058,True,True,L8-F1,unchanged
train_0059,True,False,L8-F1,right_to_wrong
train_0060,True,False,L8-F1,right_to_wrong
train_0061,True,True,L8-F1,unchanged
train_0062,True,False,L8-F1,right_to_wrong
train_0063,True,True,L8-F1,unchanged
train_0070,True,True,L8-F1,unchanged
train_0071,True,True,L8-F1,unchanged
train_0078,True,True,L8-F1,unchanged
train_0079,True,True,L8-F1,unchanged
train_0088,False,True,L8-F1,wrong_to_right
train_0089,False,False,L8-F1,unchanged
train_0092,True,False,L8-F1,right_to_wrong
train_0093,False,False,L8-F1,unchanged
train_0098,True,True,L8-F1,unchanged
train_0099,False,False,L8-F1,unchanged
train_0104,False,False,L8-F1,unchanged
train_0105,False,False,L8-F1,unchanged
train_0106,True,True,L8-F1,unchanged
train_0107,True,False,L8-F1,right_to_wrong
train_0115,False,False,L8-F1,unchanged
train_0116,True,True,L8-F1,unchanged
train_0117,True,True,L8-F1,unchanged
train_0118,True,True,L8-F1,unchanged
train_0119,True,True,L8-F1,unchanged
train_0120,True,True,L8-F1,unchanged
train_0121,True,True,L8-F1,unchanged
train_0134,False,False,L8-F1,unchanged
train_0135,True,True,L8-F1,unchanged
train_0136,False,False,L8-F1,unchanged
train_0137,True,False,L8-F1,right_to_wrong
train_0138,False,False,L8-F1,unchanged
train_0141,True,True,L8-F1,unchanged
train_0142,True,True,L8-F1,unchanged
train_0157,False,False,L8-F1,unchanged
train_0158,False,False,L8-F1,unchanged
train_0159,False,False,L8-F1,unchanged
train_0162,False,True,L8-F1,wrong_to_right
train_0163,True,True,L8-F1,unchanged
train_0164,False,True,L8-F1,wrong_to_right
train_0166,False,True,L8-F1,wrong_to_right
train_0167,False,True,L8-F1,wrong_to_right
train_0168,True,True,L8-F1,unchanged
train_0182,True,False,L8-F1,right_to_wrong
train_0183,False,True,L8-F1,wrong_to_right
train_0184,False,True,L8-F1,wrong_to_right
train_0185,False,True,L8-F1,wrong_to_right
train_0186,True,True,L8-F1,unchanged
train_0191,False,False,L8-F1,unchanged
train_0192,True,True,L8-F1,unchanged
train_0193,True,True,L8-F1,unchanged
train_0199,False,True,L8-F1,wrong_to_right
train_0200,True,True,L8-F1,unchanged
train_0228,True,True,L8-F1,unchanged
train_0229,False,False,L8-F1,unchanged
train_0236,False,False,L8-F1,unchanged
train_0237,False,False,L8-F1,unchanged
train_0240,False,False,L8-F1,unchanged
train_0241,True,True,L8-F1,unchanged
train_0246,False,True,L8-F1,wrong_to_right
train_0247,True,True,L8-F1,unchanged
train_0268,True,True,L8-F1,unchanged
train_0269,False,False,L8-F1,unchanged
train_0272,False,False,L8-F1,unchanged
train_0273,True,True,L8-F1,unchanged
train_0274,False,False,L8-F1,unchanged
train_0275,False,False,L8-F1,unchanged
train_0276,False,False,L8-F1,unchanged
train_0277,True,True,L8-F1,unchanged
train_0278,True,True,L8-F1,unchanged
train_0279,False,False,L8-F1,unchanged
train_0280,True,True,L8-F1,unchanged
train_0288,True,False,L8-F1,right_to_wrong
train_0289,False,False,L8-F1,unchanged
train_0290,False,False,L8-F1,unchanged
train_0318,True,True,L8-F1,unchanged
train_0319,True,False,L8-F1,right_to_wrong
train_0357,False,False,L8-F1,unchanged
train_0358,False,False,L8-F1,unchanged
train_0359,False,False,L8-F1,unchanged
train_0364,False,False,L8-F1,unchanged
train_0365,False,False,L8-F1,unchanged
train_0371,False,False,L8-F1,unchanged
train_0372,False,False,L8-F1,unchanged
train_0373,True,True,L8-F1,unchanged
train_0374,False,True,L8-F1,wrong_to_right
train_0378,False,False,L8-F1,unchanged
train_0379,False,False,L8-F1,unchanged
train_0380,True,False,L8-F1,right_to_wrong
train_0381,False,True,L8-F1,wrong_to_right
train_0385,False,False,L8-F1,unchanged
train_0404,False,False,L8-F1,unchanged
train_0405,False,False,L8-F1,unchanged
train_0442,True,True,L8-F1,unchanged
train_0443,True,True,L8-F1,unchanged
train_0450,False,True,L8-F1,wrong_to_right
train_0451,False,False,L8-F1,unchanged
train_0463,True,True,L8-F1,unchanged
train_0464,True,True,L8-F1,unchanged
train_0476,False,True,L8-F1,wrong_to_right
train_0477,True,True,L8-F1,unchanged
train_0478,False,False,L8-F1,unchanged
train_0485,False,True,L8-F1,wrong_to_right
train_0486,False,True,L8-F1,wrong_to_right
train_0490,False,False,L8-F1,unchanged
train_0491,False,False,L8-F1,unchanged
train_0499,True,True,L8-F1,unchanged
train_0502,False,False,L8-F1,unchanged
train_0503,False,False,L8-F1,unchanged
train_0518,True,True,L8-F1,unchanged
train_0519,True,True,L8-F1,unchanged
train_0520,True,True,L8-F1,unchanged
train_0528,False,False,L8-F1,unchanged
train_0529,False,False,L8-F1,unchanged
train_0530,True,True,L8-F1,unchanged
train_0531,False,True,L8-F1,wrong_to_right
train_0587,True,True,L8-F1,unchanged
train_0588,False,True,L8-F1,wrong_to_right
train_0604,False,False,L8-F1,unchanged
train_0605,False,False,L8-F1,unchanged
train_0606,False,False,L8-F1,unchanged
train_0613,False,False,L8-F1,unchanged
train_0614,False,False,L8-F1,unchanged
train_0615,False,False,L8-F1,unchanged
train_0625,True,True,L8-F1,unchanged
train_0626,False,False,L8-F1,unchanged
train_0644,False,False,L8-F1,unchanged
train_0645,False,False,L8-F1,unchanged
train_0646,True,True,L8-F1,unchanged
train_0674,True,True,L8-F1,unchanged
train_0675,False,False,L8-F1,unchanged
train_0680,False,False,L8-F1,unchanged
train_0681,True,True,L8-F1,unchanged
train_0682,False,False,L8-F1,unchanged
train_0685,True,False,L8-F1,right_to_wrong
train_0686,False,False,L8-F1,unchanged
train_0696,False,False,L8-F1,unchanged
train_0697,True,True,L8-F1,unchanged
train_0698,True,True,L8-F1,unchanged
train_0731,True,False,L8-F1,right_to_wrong
train_0732,False,False,L8-F1,unchanged
train_0733,False,False,L8-F1,unchanged
train_0739,False,True,L8-F1,wrong_to_right
train_0740,False,False,L8-F1,unchanged
train_0741,True,True,L8-F1,unchanged
train_0765,False,False,L8-F1,unchanged
train_0781,True,False,L8-F1,right_to_wrong
train_0782,False,False,L8-F1,unchanged
train_0787,False,True,L8-F1,wrong_to_right
train_0788,False,False,L8-F1,unchanged
train_0789,True,True,L8-F1,unchanged
train_0790,False,False,L8-F1,unchanged
train_0810,False,False,L8-F1,unchanged
train_0811,True,False,L8-F1,right_to_wrong
train_0812,True,True,L8-F1,unchanged
train_0816,False,False,L8-F1,unchanged
train_0817,True,False,L8-F1,right_to_wrong
train_0818,True,True,L8-F1,unchanged
train_0830,False,True,L8-F1,wrong_to_right
train_0831,True,True,L8-F1,unchanged
train_0832,True,True,L8-F1,unchanged
train_0842,False,False,L8-F1,unchanged
train_0843,True,True,L8-F1,unchanged
train_0858,True,False,L8-F1,right_to_wrong
train_0859,False,False,L8-F1,unchanged
train_0864,False,False,L8-F1,unchanged
train_0865,False,False,L8-F1,unchanged
train_0866,False,False,L8-F1,unchanged
train_0867,True,True,L8-F1,unchanged
train_0912,False,False,L8-F1,unchanged
train_0913,False,False,L8-F1,unchanged
train_0914,False,False,L8-F1,unchanged
train_0915,True,True,L8-F1,unchanged
train_0916,True,True,L8-F1,unchanged
train_0917,False,True,L8-F1,wrong_to_right
train_0933,True,True,L8-F1,unchanged
train_0934,False,False,L8-F1,unchanged
train_0943,False,False,L8-F1,unchanged
train_0944,False,True,L8-F1,wrong_to_right
train_0949,True,True,L8-F1,unchanged
train_0950,False,True,L8-F1,wrong_to_right
train_0951,False,False,L8-F1,unchanged
train_0952,True,False,L8-F1,right_to_wrong
train_0959,False,False,L8-F1,unchanged
train_0960,False,False,L8-F1,unchanged
train_0969,False,False,L8-F1,unchanged
train_0970,False,False,L8-F1,unchanged
train_0991,False,False,L8-F1,unchanged
train_0992,True,True,L8-F1,unchanged
train_1003,True,True,L8-F1,unchanged
train_1004,False,False,L8-F1,unchanged
train_1007,True,False,L8-F1,right_to_wrong
train_1008,False,False,L8-F1,unchanged
train_1015,False,True,L8-F1,wrong_to_right
train_1016,True,False,L8-F1,right_to_wrong
train_1038,True,True,L8-F1,unchanged
train_1039,True,True,L8-F1,unchanged
train_1044,False,False,L8-F1,unchanged
train_1048,True,False,L8-F1,right_to_wrong
train_1049,False,False,L8-F1,unchanged
train_1052,True,True,L8-F1,unchanged
train_1053,True,True,L8-F1,unchanged
train_1069,True,True,L8-F1,unchanged
train_1070,False,True,L8-F1,wrong_to_right
train_1072,True,True,L8-F1,unchanged
train_1088,False,False,L8-F1,unchanged
train_1089,False,False,L8-F1,unchanged
train_1094,True,True,L8-F1,unchanged
train_1095,False,False,L8-F1,unchanged
train_1112,True,False,L8-F1,right_to_wrong
train_1113,False,False,L8-F1,unchanged
train_1118,False,False,L8-F1,unchanged
train_1119,False,True,L8-F1,wrong_to_right
train_1120,True,False,L8-F1,right_to_wrong
train_1121,True,True,L8-F1,unchanged
train_1124,False,False,L8-F1,unchanged
train_1125,False,True,L8-F1,wrong_to_right
train_1129,False,False,L8-F1,unchanged
train_1130,False,False,L8-F1,unchanged
train_1135,False,False,L8-F1,unchanged
train_1136,False,False,L8-F1,unchanged
train_1139,False,False,L8-F1,unchanged
train_1140,False,False,L8-F1,unchanged
train_1143,False,False,L8-F1,unchanged
train_1144,True,False,L8-F1,right_to_wrong
train_1148,False,False,L8-F1,unchanged
train_1159,True,False,L8-F1,right_to_wrong
train_1160,False,False,L8-F1,unchanged
train_1170,False,True,L8-F1,wrong_to_right
train_1173,True,False,L8-F1,right_to_wrong
train_1177,True,False,L8-F1,right_to_wrong
train_1181,False,True,L8-F1,wrong_to_right
train_1184,True,True,L8-F1,unchanged
train_1188,True,False,L8-F1,right_to_wrong
train_1192,True,True,L8-F1,unchanged
train_1194,True,True,L8-F1,unchanged
train_1195,True,True,L8-F1,unchanged
train_1196,True,True,L8-F1,unchanged
train_1201,True,True,L8-F1,unchanged
train_1205,True,True,L8-F1,unchanged
train_1211,False,False,L8-F1,unchanged
train_1212,False,False,L8-F1,unchanged
train_1224,False,True,L8-F1,wrong_to_right
train_1225,True,True,L8-F1,unchanged
train_1232,False,False,L8-F1,unchanged
train_1234,False,False,L8-F1,unchanged
train_1243,False,False,L8-F1,unchanged
train_1255,True,True,L8-F1,unchanged
train_1269,False,False,L8-F1,unchanged
train_1274,False,True,L8-F1,wrong_to_right
train_1276,True,True,L8-F1,unchanged
train_1279,False,False,L8-F1,unchanged
train_1282,True,True,L8-F1,unchanged
train_1291,False,False,L8-F1,unchanged
train_1292,False,False,L8-F1,unchanged
train_1293,True,False,L8-F1,right_to_wrong
train_1294,True,False,L8-F1,right_to_wrong
train_1299,False,True,L8-F1,wrong_to_right
train_1302,False,False,L8-F1,unchanged
train_1306,True,True,L8-F1,unchanged
train_1308,False,False,L8-F1,unchanged
train_1315,False,False,L8-F1,unchanged
train_1331,False,False,L8-F1,unchanged
train_1345,False,False,L8-F1,unchanged
train_1351,False,False,L8-F1,unchanged
train_1352,False,False,L8-F1,unchanged
train_1353,False,True,L8-F1,wrong_to_right
train_1356,False,False,L8-F1,unchanged
train_1361,False,True,L8-F1,wrong_to_right
train_1363,True,False,L8-F1,right_to_wrong
train_1368,False,False,L8-F1,unchanged
train_1372,False,False,L8-F1,unchanged
train_1375,True,False,L8-F1,right_to_wrong
train_1377,True,True,L8-F1,unchanged
train_1385,True,False,L8-F1,right_to_wrong
train_1389,False,True,L8-F1,wrong_to_right
train_1390,True,True,L8-F1,unchanged
train_1396,False,False,L8-F1,unchanged
train_1401,False,True,L8-F1,wrong_to_right
train_1406,True,True,L8-F1,unchanged
train_1409,True,True,L8-F1,unchanged
train_1421,True,True,L8-F1,unchanged
train_1423,True,True,L8-F1,unchanged
train_1424,False,False,L8-F1,unchanged
train_1426,True,True,L8-F1,unchanged
train_1439,True,False,L8-F1,right_to_wrong
train_1453,False,False,L8-F1,unchanged
train_1464,False,False,L8-F1,unchanged
train_1472,False,True,L8-F1,wrong_to_right
train_1482,True,False,L8-F1,right_to_wrong
train_0006,True,True,L32-F1,unchanged
train_0040,True,False,L32-F1,right_to_wrong
train_0041,True,True,L32-F1,unchanged
train_0042,False,True,L32-F1,wrong_to_right
train_0043,True,False,L32-F1,right_to_wrong
train_0044,True,True,L32-F1,unchanged
train_0050,False,True,L32-F1,wrong_to_right
train_0051,False,False,L32-F1,unchanged
train_0058,True,False,L32-F1,right_to_wrong
train_0059,True,False,L32-F1,right_to_wrong
train_0060,True,False,L32-F1,right_to_wrong
train_0061,True,True,L32-F1,unchanged
train_0062,True,False,L32-F1,right_to_wrong
train_0063,True,True,L32-F1,unchanged
train_0070,True,True,L32-F1,unchanged
train_0071,True,True,L32-F1,unchanged
train_0078,True,True,L32-F1,unchanged
train_0079,True,True,L32-F1,unchanged
train_0088,False,True,L32-F1,wrong_to_right
train_0089,False,False,L32-F1,unchanged
train_0092,True,False,L32-F1,right_to_wrong
train_0093,False,False,L32-F1,unchanged
train_0098,True,False,L32-F1,right_to_wrong
train_0099,False,True,L32-F1,wrong_to_right
train_0104,False,True,L32-F1,wrong_to_right
train_0105,False,True,L32-F1,wrong_to_right
train_0106,True,True,L32-F1,unchanged
train_0107,True,True,L32-F1,unchanged
train_0115,False,False,L32-F1,unchanged
train_0116,True,False,L32-F1,right_to_wrong
train_0117,True,True,L32-F1,unchanged
train_0118,True,True,L32-F1,unchanged
train_0119,True,True,L32-F1,unchanged
train_0120,True,True,L32-F1,unchanged
train_0121,True,False,L32-F1,right_to_wrong
train_0134,False,False,L32-F1,unchanged
train_0135,True,True,L32-F1,unchanged
train_0136,False,False,L32-F1,unchanged
train_0137,True,False,L32-F1,right_to_wrong
train_0138,False,False,L32-F1,unchanged
train_0141,True,False,L32-F1,right_to_wrong
train_0142,True,True,L32-F1,unchanged
train_0157,False,False,L32-F1,unchanged
train_0158,False,False,L32-F1,unchanged
train_0159,False,False,L32-F1,unchanged
train_0162,False,True,L32-F1,wrong_to_right
train_0163,True,True,L32-F1,unchanged
train_0164,False,True,L32-F1,wrong_to_right
train_0166,False,True,L32-F1,wrong_to_right
train_0167,False,False,L32-F1,unchanged
train_0168,True,True,L32-F1,unchanged
train_0182,True,True,L32-F1,unchanged
train_0183,False,True,L32-F1,wrong_to_right
train_0184,False,True,L32-F1,wrong_to_right
train_0185,False,True,L32-F1,wrong_to_right
train_0186,True,True,L32-F1,unchanged
train_0191,False,False,L32-F1,unchanged
train_0192,True,True,L32-F1,unchanged
train_0193,True,True,L32-F1,unchanged
train_0199,False,True,L32-F1,wrong_to_right
train_0200,True,True,L32-F1,unchanged
train_0228,True,True,L32-F1,unchanged
train_0229,False,False,L32-F1,unchanged
train_0236,False,False,L32-F1,unchanged
train_0237,False,True,L32-F1,wrong_to_right
train_0240,False,True,L32-F1,wrong_to_right
train_0241,True,False,L32-F1,right_to_wrong
train_0246,False,True,L32-F1,wrong_to_right
train_0247,True,False,L32-F1,right_to_wrong
train_0268,True,True,L32-F1,unchanged
train_0269,False,True,L32-F1,wrong_to_right
train_0272,False,False,L32-F1,unchanged
train_0273,True,False,L32-F1,right_to_wrong
train_0274,False,False,L32-F1,unchanged
train_0275,False,False,L32-F1,unchanged
train_0276,False,False,L32-F1,unchanged
train_0277,True,True,L32-F1,unchanged
train_0278,True,True,L32-F1,unchanged
train_0279,False,False,L32-F1,unchanged
train_0280,True,True,L32-F1,unchanged
train_0288,True,False,L32-F1,right_to_wrong
train_0289,False,False,L32-F1,unchanged
train_0290,False,False,L32-F1,unchanged
train_0318,True,True,L32-F1,unchanged
train_0319,True,False,L32-F1,right_to_wrong
train_0357,False,False,L32-F1,unchanged
train_0358,False,False,L32-F1,unchanged
train_0359,False,True,L32-F1,wrong_to_right
train_0364,False,False,L32-F1,unchanged
train_0365,False,False,L32-F1,unchanged
train_0371,False,True,L32-F1,wrong_to_right
train_0372,False,False,L32-F1,unchanged
train_0373,True,True,L32-F1,unchanged
train_0374,False,False,L32-F1,unchanged
train_0378,False,False,L32-F1,unchanged
train_0379,False,False,L32-F1,unchanged
train_0380,True,False,L32-F1,right_to_wrong
train_0381,False,True,L32-F1,wrong_to_right
train_0385,False,True,L32-F1,wrong_to_right
train_0404,False,False,L32-F1,unchanged
train_0405,False,True,L32-F1,wrong_to_right
train_0442,True,False,L32-F1,right_to_wrong
train_0443,True,True,L32-F1,unchanged
train_0450,False,True,L32-F1,wrong_to_right
train_0451,False,True,L32-F1,wrong_to_right
train_0463,True,True,L32-F1,unchanged
train_0464,True,True,L32-F1,unchanged
train_0476,False,True,L32-F1,wrong_to_right
train_0477,True,True,L32-F1,unchanged
train_0478,False,True,L32-F1,wrong_to_right
train_0485,False,True,L32-F1,wrong_to_right
train_0486,False,True,L32-F1,wrong_to_right
train_0490,False,False,L32-F1,unchanged
train_0491,False,False,L32-F1,unchanged
train_0499,True,False,L32-F1,right_to_wrong
train_0502,False,False,L32-F1,unchanged
train_0503,False,False,L32-F1,unchanged
train_0518,True,True,L32-F1,unchanged
train_0519,True,True,L32-F1,unchanged
train_0520,True,True,L32-F1,unchanged
train_0528,False,False,L32-F1,unchanged
train_0529,False,True,L32-F1,wrong_to_right
train_0530,True,True,L32-F1,unchanged
train_0531,False,True,L32-F1,wrong_to_right
train_0587,True,True,L32-F1,unchanged
train_0588,False,False,L32-F1,unchanged
train_0604,False,False,L32-F1,unchanged
train_0605,False,True,L32-F1,wrong_to_right
train_0606,False,False,L32-F1,unchanged
train_0613,False,False,L32-F1,unchanged
train_0614,False,False,L32-F1,unchanged
train_0615,False,False,L32-F1,unchanged
train_0625,True,True,L32-F1,unchanged
train_0626,False,False,L32-F1,unchanged
train_0644,False,True,L32-F1,wrong_to_right
train_0645,False,True,L32-F1,wrong_to_right
train_0646,True,True,L32-F1,unchanged
train_0674,True,True,L32-F1,unchanged
train_0675,False,False,L32-F1,unchanged
train_0680,False,True,L32-F1,wrong_to_right
train_0681,True,False,L32-F1,right_to_wrong
train_0682,False,False,L32-F1,unchanged
train_0685,True,True,L32-F1,unchanged
train_0686,False,True,L32-F1,wrong_to_right
train_0696,False,False,L32-F1,unchanged
train_0697,True,True,L32-F1,unchanged
train_0698,True,True,L32-F1,unchanged
train_0731,True,False,L32-F1,right_to_wrong
train_0732,False,False,L32-F1,unchanged
train_0733,False,False,L32-F1,unchanged
train_0739,False,True,L32-F1,wrong_to_right
train_0740,False,False,L32-F1,unchanged
train_0741,True,True,L32-F1,unchanged
train_0765,False,True,L32-F1,wrong_to_right
train_0781,True,False,L32-F1,right_to_wrong
train_0782,False,False,L32-F1,unchanged
train_0787,False,True,L32-F1,wrong_to_right
train_0788,False,False,L32-F1,unchanged
train_0789,True,True,L32-F1,unchanged
train_0790,False,False,L32-F1,unchanged
train_0810,False,False,L32-F1,unchanged
train_0811,True,True,L32-F1,unchanged
train_0812,True,True,L32-F1,unchanged
train_0816,False,False,L32-F1,unchanged
train_0817,True,True,L32-F1,unchanged
train_0818,True,True,L32-F1,unchanged
train_0830,False,True,L32-F1,wrong_to_right
train_0831,True,True,L32-F1,unchanged
train_0832,True,True,L32-F1,unchanged
train_0842,False,False,L32-F1,unchanged
train_0843,True,True,L32-F1,unchanged
train_0858,True,True,L32-F1,unchanged
train_0859,False,False,L32-F1,unchanged
train_0864,False,False,L32-F1,unchanged
train_0865,False,False,L32-F1,unchanged
train_0866,False,False,L32-F1,unchanged
train_0867,True,True,L32-F1,unchanged
train_0912,False,False,L32-F1,unchanged
train_0913,False,True,L32-F1,wrong_to_right
train_0914,False,False,L32-F1,unchanged
train_0915,True,True,L32-F1,unchanged
train_0916,True,False,L32-F1,right_to_wrong
train_0917,False,True,L32-F1,wrong_to_right
train_0933,True,True,L32-F1,unchanged
train_0934,False,False,L32-F1,unchanged
train_0943,False,False,L32-F1,unchanged
train_0944,False,True,L32-F1,wrong_to_right
train_0949,True,False,L32-F1,right_to_wrong
train_0950,False,True,L32-F1,wrong_to_right
train_0951,False,True,L32-F1,wrong_to_right
train_0952,True,True,L32-F1,unchanged
train_0959,False,False,L32-F1,unchanged
train_0960,False,True,L32-F1,wrong_to_right
train_0969,False,False,L32-F1,unchanged
train_0970,False,False,L32-F1,unchanged
train_0991,False,False,L32-F1,unchanged
train_0992,True,True,L32-F1,unchanged
train_1003,True,True,L32-F1,unchanged
train_1004,False,True,L32-F1,wrong_to_right
train_1007,True,True,L32-F1,unchanged
train_1008,False,False,L32-F1,unchanged
train_1015,False,False,L32-F1,unchanged
train_1016,True,False,L32-F1,right_to_wrong
train_1038,True,True,L32-F1,unchanged
train_1039,True,True,L32-F1,unchanged
train_1044,False,False,L32-F1,unchanged
train_1048,True,False,L32-F1,right_to_wrong
train_1049,False,False,L32-F1,unchanged
train_1052,True,True,L32-F1,unchanged
train_1053,True,False,L32-F1,right_to_wrong
train_1069,True,True,L32-F1,unchanged
train_1070,False,True,L32-F1,wrong_to_right
train_1072,True,True,L32-F1,unchanged
train_1088,False,False,L32-F1,unchanged
train_1089,False,True,L32-F1,wrong_to_right
train_1094,True,True,L32-F1,unchanged
train_1095,False,False,L32-F1,unchanged
train_1112,True,False,L32-F1,right_to_wrong
train_1113,False,False,L32-F1,unchanged
train_1118,False,False,L32-F1,unchanged
train_1119,False,False,L32-F1,unchanged
train_1120,True,True,L32-F1,unchanged
train_1121,True,True,L32-F1,unchanged
train_1124,False,True,L32-F1,wrong_to_right
train_1125,False,False,L32-F1,unchanged
train_1129,False,False,L32-F1,unchanged
train_1130,False,True,L32-F1,wrong_to_right
train_1135,False,True,L32-F1,wrong_to_right
train_1136,False,False,L32-F1,unchanged
train_1139,False,False,L32-F1,unchanged
train_1140,False,False,L32-F1,unchanged
train_1143,False,False,L32-F1,unchanged
train_1144,True,False,L32-F1,right_to_wrong
train_1148,False,False,L32-F1,unchanged
train_1159,True,False,L32-F1,right_to_wrong
train_1160,False,False,L32-F1,unchanged
train_1170,False,True,L32-F1,wrong_to_right
train_1173,True,True,L32-F1,unchanged
train_1177,True,False,L32-F1,right_to_wrong
train_1181,False,True,L32-F1,wrong_to_right
train_1184,True,True,L32-F1,unchanged
train_1188,True,False,L32-F1,right_to_wrong
train_1192,True,True,L32-F1,unchanged
train_1194,True,False,L32-F1,right_to_wrong
train_1195,True,True,L32-F1,unchanged
train_1196,True,True,L32-F1,unchanged
train_1201,True,True,L32-F1,unchanged
train_1205,True,True,L32-F1,unchanged
train_1211,False,False,L32-F1,unchanged
train_1212,False,False,L32-F1,unchanged
train_1224,False,True,L32-F1,wrong_to_right
train_1225,True,True,L32-F1,unchanged
train_1232,False,True,L32-F1,wrong_to_right
train_1234,False,True,L32-F1,wrong_to_right
train_1243,False,False,L32-F1,unchanged
train_1255,True,True,L32-F1,unchanged
train_1269,False,False,L32-F1,unchanged
train_1274,False,True,L32-F1,wrong_to_right
train_1276,True,True,L32-F1,unchanged
train_1279,False,False,L32-F1,unchanged
train_1282,True,False,L32-F1,right_to_wrong
train_1291,False,False,L32-F1,unchanged
train_1292,False,False,L32-F1,unchanged
train_1293,True,True,L32-F1,unchanged
train_1294,True,False,L32-F1,right_to_wrong
train_1299,False,True,L32-F1,wrong_to_right
train_1302,False,True,L32-F1,wrong_to_right
train_1306,True,True,L32-F1,unchanged
train_1308,False,True,L32-F1,wrong_to_right
train_1315,False,True,L32-F1,wrong_to_right
train_1331,False,True,L32-F1,wrong_to_right
train_1345,False,False,L32-F1,unchanged
train_1351,False,False,L32-F1,unchanged
train_1352,False,False,L32-F1,unchanged
train_1353,False,True,L32-F1,wrong_to_right
train_1356,False,True,L32-F1,wrong_to_right
train_1361,False,False,L32-F1,unchanged
train_1363,True,False,L32-F1,right_to_wrong
train_1368,False,False,L32-F1,unchanged
train_1372,False,False,L32-F1,unchanged
train_1375,True,False,L32-F1,right_to_wrong
train_1377,True,True,L32-F1,unchanged
train_1385,True,True,L32-F1,unchanged
train_1389,False,True,L32-F1,wrong_to_right
train_1390,True,True,L32-F1,unchanged
train_1396,False,False,L32-F1,unchanged
train_1401,False,True,L32-F1,wrong_to_right
train_1406,True,True,L32-F1,unchanged
train_1409,True,True,L32-F1,unchanged
train_1421,True,True,L32-F1,unchanged
train_1423,True,True,L32-F1,unchanged
train_1424,False,False,L32-F1,unchanged
train_1426,True,True,L32-F1,unchanged
train_1439,True,False,L32-F1,right_to_wrong
train_1453,False,False,L32-F1,unchanged
train_1464,False,False,L32-F1,unchanged
train_1472,False,True,L32-F1,wrong_to_right
train_1482,True,False,L32-F1,right_to_wrong
train_0006,True,True,L64-F1,unchanged
train_0040,True,False,L64-F1,right_to_wrong
train_0041,True,True,L64-F1,unchanged
train_0042,False,True,L64-F1,wrong_to_right
train_0043,True,False,L64-F1,right_to_wrong
train_0044,True,True,L64-F1,unchanged
train_0050,False,False,L64-F1,unchanged
train_0051,False,False,L64-F1,unchanged
train_0058,True,False,L64-F1,right_to_wrong
train_0059,True,False,L64-F1,right_to_wrong
train_0060,True,False,L64-F1,right_to_wrong
train_0061,True,False,L64-F1,right_to_wrong
train_0062,True,False,L64-F1,right_to_wrong
train_0063,True,True,L64-F1,unchanged
train_0070,True,True,L64-F1,unchanged
train_0071,True,False,L64-F1,right_to_wrong
train_0078,True,True,L64-F1,unchanged
train_0079,True,False,L64-F1,right_to_wrong
train_0088,False,True,L64-F1,wrong_to_right
train_0089,False,False,L64-F1,unchanged
train_0092,True,False,L64-F1,right_to_wrong
train_0093,False,False,L64-F1,unchanged
train_0098,True,False,L64-F1,right_to_wrong
train_0099,False,True,L64-F1,wrong_to_right
train_0104,False,True,L64-F1,wrong_to_right
train_0105,False,True,L64-F1,wrong_to_right
train_0106,True,True,L64-F1,unchanged
train_0107,True,True,L64-F1,unchanged
train_0115,False,False,L64-F1,unchanged
train_0116,True,False,L64-F1,right_to_wrong
train_0117,True,False,L64-F1,right_to_wrong
train_0118,True,True,L64-F1,unchanged
train_0119,True,True,L64-F1,unchanged
train_0120,True,True,L64-F1,unchanged
train_0121,True,False,L64-F1,right_to_wrong
train_0134,False,True,L64-F1,wrong_to_right
train_0135,True,False,L64-F1,right_to_wrong
train_0136,False,False,L64-F1,unchanged
train_0137,True,False,L64-F1,right_to_wrong
train_0138,False,True,L64-F1,wrong_to_right
train_0141,True,False,L64-F1,right_to_wrong
train_0142,True,True,L64-F1,unchanged
train_0157,False,True,L64-F1,wrong_to_right
train_0158,False,False,L64-F1,unchanged
train_0159,False,False,L64-F1,unchanged
train_0162,False,True,L64-F1,wrong_to_right
train_0163,True,True,L64-F1,unchanged
train_0164,False,True,L64-F1,wrong_to_right
train_0166,False,True,L64-F1,wrong_to_right
train_0167,False,False,L64-F1,unchanged
train_0168,True,True,L64-F1,unchanged
train_0182,True,True,L64-F1,unchanged
train_0183,False,True,L64-F1,wrong_to_right
train_0184,False,True,L64-F1,wrong_to_right
train_0185,False,True,L64-F1,wrong_to_right
train_0186,True,True,L64-F1,unchanged
train_0191,False,False,L64-F1,unchanged
train_0192,True,True,L64-F1,unchanged
train_0193,True,True,L64-F1,unchanged
train_0199,False,True,L64-F1,wrong_to_right
train_0200,True,True,L64-F1,unchanged
train_0228,True,True,L64-F1,unchanged
train_0229,False,False,L64-F1,unchanged
train_0236,False,False,L64-F1,unchanged
train_0237,False,True,L64-F1,wrong_to_right
train_0240,False,True,L64-F1,wrong_to_right
train_0241,True,False,L64-F1,right_to_wrong
train_0246,False,True,L64-F1,wrong_to_right
train_0247,True,False,L64-F1,right_to_wrong
train_0268,True,True,L64-F1,unchanged
train_0269,False,True,L64-F1,wrong_to_right
train_0272,False,False,L64-F1,unchanged
train_0273,True,False,L64-F1,right_to_wrong
train_0274,False,False,L64-F1,unchanged
train_0275,False,False,L64-F1,unchanged
train_0276,False,False,L64-F1,unchanged
train_0277,True,False,L64-F1,right_to_wrong
train_0278,True,True,L64-F1,unchanged
train_0279,False,False,L64-F1,unchanged
train_0280,True,False,L64-F1,right_to_wrong
train_0288,True,False,L64-F1,right_to_wrong
train_0289,False,False,L64-F1,unchanged
train_0290,False,True,L64-F1,wrong_to_right
train_0318,True,True,L64-F1,unchanged
train_0319,True,False,L64-F1,right_to_wrong
train_0357,False,True,L64-F1,wrong_to_right
train_0358,False,True,L64-F1,wrong_to_right
train_0359,False,True,L64-F1,wrong_to_right
train_0364,False,False,L64-F1,unchanged
train_0365,False,False,L64-F1,unchanged
train_0371,False,True,L64-F1,wrong_to_right
train_0372,False,False,L64-F1,unchanged
train_0373,True,False,L64-F1,right_to_wrong
train_0374,False,False,L64-F1,unchanged
train_0378,False,False,L64-F1,unchanged
train_0379,False,True,L64-F1,wrong_to_right
train_0380,True,False,L64-F1,right_to_wrong
train_0381,False,False,L64-F1,unchanged
train_0385,False,False,L64-F1,unchanged
train_0404,False,False,L64-F1,unchanged
train_0405,False,True,L64-F1,wrong_to_right
train_0442,True,True,L64-F1,unchanged
train_0443,True,True,L64-F1,unchanged
train_0450,False,False,L64-F1,unchanged
train_0451,False,False,L64-F1,unchanged
train_0463,True,False,L64-F1,right_to_wrong
train_0464,True,True,L64-F1,unchanged
train_0476,False,True,L64-F1,wrong_to_right
train_0477,True,False,L64-F1,right_to_wrong
train_0478,False,True,L64-F1,wrong_to_right
train_0485,False,True,L64-F1,wrong_to_right
train_0486,False,True,L64-F1,wrong_to_right
train_0490,False,False,L64-F1,unchanged
train_0491,False,False,L64-F1,unchanged
train_0499,True,False,L64-F1,right_to_wrong
train_0502,False,False,L64-F1,unchanged
train_0503,False,False,L64-F1,unchanged
train_0518,True,True,L64-F1,unchanged
train_0519,True,True,L64-F1,unchanged
train_0520,True,True,L64-F1,unchanged
train_0528,False,True,L64-F1,wrong_to_right
train_0529,False,True,L64-F1,wrong_to_right
train_0530,True,False,L64-F1,right_to_wrong
train_0531,False,True,L64-F1,wrong_to_right
train_0587,True,False,L64-F1,right_to_wrong
train_0588,False,False,L64-F1,unchanged
train_0604,False,False,L64-F1,unchanged
train_0605,False,True,L64-F1,wrong_to_right
train_0606,False,True,L64-F1,wrong_to_right
train_0613,False,True,L64-F1,wrong_to_right
train_0614,False,False,L64-F1,unchanged
train_0615,False,False,L64-F1,unchanged
train_0625,True,False,L64-F1,right_to_wrong
train_0626,False,True,L64-F1,wrong_to_right
train_0644,False,True,L64-F1,wrong_to_right
train_0645,False,True,L64-F1,wrong_to_right
train_0646,True,False,L64-F1,right_to_wrong
train_0674,True,True,L64-F1,unchanged
train_0675,False,False,L64-F1,unchanged
train_0680,False,False,L64-F1,unchanged
train_0681,True,False,L64-F1,right_to_wrong
train_0682,False,False,L64-F1,unchanged
train_0685,True,False,L64-F1,right_to_wrong
train_0686,False,True,L64-F1,wrong_to_right
train_0696,False,True,L64-F1,wrong_to_right
train_0697,True,True,L64-F1,unchanged
train_0698,True,False,L64-F1,right_to_wrong
train_0731,True,False,L64-F1,right_to_wrong
train_0732,False,False,L64-F1,unchanged
train_0733,False,False,L64-F1,unchanged
train_0739,False,True,L64-F1,wrong_to_right
train_0740,False,False,L64-F1,unchanged
train_0741,True,True,L64-F1,unchanged
train_0765,False,True,L64-F1,wrong_to_right
train_0781,True,False,L64-F1,right_to_wrong
train_0782,False,False,L64-F1,unchanged
train_0787,False,True,L64-F1,wrong_to_right
train_0788,False,False,L64-F1,unchanged
train_0789,True,True,L64-F1,unchanged
train_0790,False,False,L64-F1,unchanged
train_0810,False,True,L64-F1,wrong_to_right
train_0811,True,False,L64-F1,right_to_wrong
train_0812,True,True,L64-F1,unchanged
train_0816,False,False,L64-F1,unchanged
train_0817,True,False,L64-F1,right_to_wrong
train_0818,True,False,L64-F1,right_to_wrong
train_0830,False,True,L64-F1,wrong_to_right
train_0831,True,True,L64-F1,unchanged
train_0832,True,True,L64-F1,unchanged
train_0842,False,False,L64-F1,unchanged
train_0843,True,True,L64-F1,unchanged
train_0858,True,True,L64-F1,unchanged
train_0859,False,False,L64-F1,unchanged
train_0864,False,False,L64-F1,unchanged
train_0865,False,False,L64-F1,unchanged
train_0866,False,False,L64-F1,unchanged
train_0867,True,True,L64-F1,unchanged
train_0912,False,True,L64-F1,wrong_to_right
train_0913,False,True,L64-F1,wrong_to_right
train_0914,False,False,L64-F1,unchanged
train_0915,True,True,L64-F1,unchanged
train_0916,True,True,L64-F1,unchanged
train_0917,False,True,L64-F1,wrong_to_right
train_0933,True,True,L64-F1,unchanged
train_0934,False,False,L64-F1,unchanged
train_0943,False,True,L64-F1,wrong_to_right
train_0944,False,True,L64-F1,wrong_to_right
train_0949,True,False,L64-F1,right_to_wrong
train_0950,False,True,L64-F1,wrong_to_right
train_0951,False,True,L64-F1,wrong_to_right
train_0952,True,True,L64-F1,unchanged
train_0959,False,False,L64-F1,unchanged
train_0960,False,True,L64-F1,wrong_to_right
train_0969,False,False,L64-F1,unchanged
train_0970,False,True,L64-F1,wrong_to_right
train_0991,False,False,L64-F1,unchanged
train_0992,True,True,L64-F1,unchanged
train_1003,True,True,L64-F1,unchanged
train_1004,False,True,L64-F1,wrong_to_right
train_1007,True,True,L64-F1,unchanged
train_1008,False,True,L64-F1,wrong_to_right
train_1015,False,False,L64-F1,unchanged
train_1016,True,False,L64-F1,right_to_wrong
train_1038,True,True,L64-F1,unchanged
train_1039,True,True,L64-F1,unchanged
train_1044,False,False,L64-F1,unchanged
train_1048,True,False,L64-F1,right_to_wrong
train_1049,False,False,L64-F1,unchanged
train_1052,True,False,L64-F1,right_to_wrong
train_1053,True,False,L64-F1,right_to_wrong
train_1069,True,True,L64-F1,unchanged
train_1070,False,True,L64-F1,wrong_to_right
train_1072,True,True,L64-F1,unchanged
train_1088,False,False,L64-F1,unchanged
train_1089,False,True,L64-F1,wrong_to_right
train_1094,True,False,L64-F1,right_to_wrong
train_1095,False,False,L64-F1,unchanged
train_1112,True,False,L64-F1,right_to_wrong
train_1113,False,True,L64-F1,wrong_to_right
train_1118,False,False,L64-F1,unchanged
train_1119,False,False,L64-F1,unchanged
train_1120,True,False,L64-F1,right_to_wrong
train_1121,True,True,L64-F1,unchanged
train_1124,False,False,L64-F1,unchanged
train_1125,False,False,L64-F1,unchanged
train_1129,False,False,L64-F1,unchanged
train_1130,False,True,L64-F1,wrong_to_right
train_1135,False,True,L64-F1,wrong_to_right
train_1136,False,False,L64-F1,unchanged
train_1139,False,False,L64-F1,unchanged
train_1140,False,False,L64-F1,unchanged
train_1143,False,False,L64-F1,unchanged
train_1144,True,False,L64-F1,right_to_wrong
train_1148,False,False,L64-F1,unchanged
train_1159,True,False,L64-F1,right_to_wrong
train_1160,False,False,L64-F1,unchanged
train_1170,False,True,L64-F1,wrong_to_right
train_1173,True,False,L64-F1,right_to_wrong
train_1177,True,True,L64-F1,unchanged
train_1181,False,True,L64-F1,wrong_to_right
train_1184,True,True,L64-F1,unchanged
train_1188,True,False,L64-F1,right_to_wrong
train_1192,True,True,L64-F1,unchanged
train_1194,True,False,L64-F1,right_to_wrong
train_1195,True,True,L64-F1,unchanged
train_1196,True,True,L64-F1,unchanged
train_1201,True,True,L64-F1,unchanged
train_1205,True,True,L64-F1,unchanged
train_1211,False,True,L64-F1,wrong_to_right
train_1212,False,False,L64-F1,unchanged
train_1224,False,True,L64-F1,wrong_to_right
train_1225,True,True,L64-F1,unchanged
train_1232,False,True,L64-F1,wrong_to_right
train_1234,False,True,L64-F1,wrong_to_right
train_1243,False,False,L64-F1,unchanged
train_1255,True,True,L64-F1,unchanged
train_1269,False,True,L64-F1,wrong_to_right
train_1274,False,True,L64-F1,wrong_to_right
train_1276,True,True,L64-F1,unchanged
train_1279,False,False,L64-F1,unchanged
train_1282,True,False,L64-F1,right_to_wrong
train_1291,False,False,L64-F1,unchanged
train_1292,False,False,L64-F1,unchanged
train_1293,True,False,L64-F1,right_to_wrong
train_1294,True,False,L64-F1,right_to_wrong
train_1299,False,True,L64-F1,wrong_to_right
train_1302,False,True,L64-F1,wrong_to_right
train_1306,True,True,L64-F1,unchanged
train_1308,False,False,L64-F1,unchanged
train_1315,False,True,L64-F1,wrong_to_right
train_1331,False,True,L64-F1,wrong_to_right
train_1345,False,False,L64-F1,unchanged
train_1351,False,False,L64-F1,unchanged
train_1352,False,True,L64-F1,wrong_to_right
train_1353,False,False,L64-F1,unchanged
train_1356,False,True,L64-F1,wrong_to_right
train_1361,False,False,L64-F1,unchanged
train_1363,True,False,L64-F1,right_to_wrong
train_1368,False,False,L64-F1,unchanged
train_1372,False,False,L64-F1,unchanged
train_1375,True,False,L64-F1,right_to_wrong
train_1377,True,False,L64-F1,right_to_wrong
train_1385,True,True,L64-F1,unchanged
train_1389,False,True,L64-F1,wrong_to_right
train_1390,True,True,L64-F1,unchanged
train_1396,False,False,L64-F1,unchanged
train_1401,False,True,L64-F1,wrong_to_right
train_1406,True,True,L64-F1,unchanged
train_1409,True,True,L64-F1,unchanged
train_1421,True,True,L64-F1,unchanged
train_1423,True,True,L64-F1,unchanged
train_1424,False,False,L64-F1,unchanged
train_1426,True,True,L64-F1,unchanged
train_1439,True,False,L64-F1,right_to_wrong
train_1453,False,False,L64-F1,unchanged
train_1464,False,True,L64-F1,wrong_to_right
train_1472,False,True,L64-F1,wrong_to_right
train_1482,True,False,L64-F1,right_to_wrong
