position,phase,experiment,frames,rank,accuracy,macro_f1,parse_rate
1,02,zero_shot_F1,1,0,0.7,0.6636904761904762,1.0
2,01,zero_shot_f1,1,0,0.65,0.5984848484848485,1.0
3,03,lora_r8_F1,1,8,0.65,0.5984848484848485,1.0
4,02,zero_shot_F3,3,0,0.65,0.5966666666666666,1.0
5,02,lora_r16_F1,1,16,0.6,0.6162280701754386,1.0
6,02,zero_shot_F8,8,0,0.6,0.6035353535353536,1.0
7,02,lora_r16_F3,3,16,0.6,0.6035353535353535,1.0
8,02,lora_r16_F8,8,16,0.6,0.6035353535353535,1.0
9,01,lora_r16_f1,1,16,0.6,0.5694444444444444,1.0
