sample_id,group_id,video_path,question,option_a,option_b,option_c,option_d,visual_required,temporal_required,traffic_knowledge_required,mixed_or_ambiguous,primary_label,annotator_note
train_0006,464458b4_386_clip_006_0039_0048_Y,/workspace/RoadBuddy/data/train/videos/464458b4_386_clip_006_0039_0048_Y.mp4,Làn đường xe đang chạy có được phép rẽ trái hay không?,Được phép,Không được phép,,,,,,,,
train_0040,81392443_006_clip_005_0028_0035_Y,/workspace/RoadBuddy/data/train/videos/81392443_006_clip_005_0028_0035_Y.mp4,Xe mô tô có được phép đi ở làn này không?,Có,Không,,,,,,,,
train_0041,81392443_006_clip_005_0028_0035_Y,/workspace/RoadBuddy/data/train/videos/81392443_006_clip_005_0028_0035_Y.mp4,Làn mà xe đang đi dành cho loại phương tiện nào?,Đường dành cho ô tô và mô tô,Đường dành cho ô tô,Đường dành cho xe gắn máy,Tất cả các phương tiện,,,,,,
train_0042,a5cb63a2_035_clip_001_0000_0007_Y,/workspace/RoadBuddy/data/train/videos/a5cb63a2_035_clip_001_0000_0007_Y.mp4,Trong video xuất hiện những biển báo cấm nào?,Biển cấm dừng và đỗ xe,"Biển cấm dừng và đỗ xe, biển cấm đỗ xe ngày lẽ","Biển cấm dừng và đỗ xe, biển cấm đỗ xe ngày lẽ, biển cấm đỗ xe","Biển cấm dừng và đỗ xe, biển cấm đỗ xe",,,,,,
train_0043,a5cb63a2_035_clip_001_0000_0007_Y,/workspace/RoadBuddy/data/train/videos/a5cb63a2_035_clip_001_0000_0007_Y.mp4,Trong video có xuất hiện biển cảnh báo không?,Có,Không,,,,,,,,
train_0044,a5cb63a2_035_clip_001_0000_0007_Y,/workspace/RoadBuddy/data/train/videos/a5cb63a2_035_clip_001_0000_0007_Y.mp4,Trong video xuất hiện biển báo nguy hiểm nào?,Biển đường giao nhau,Biển đường hẹp bên phải,Biển đường giao nhau,Biển chỗ ngoặt nguy hiểm vòng bên phải,,,,,,
train_0050,23245211_035_clip_008_0051_0060_Y,/workspace/RoadBuddy/data/train/videos/23245211_035_clip_008_0051_0060_Y.mp4,Có những biển chỉ dẫn nào trong video?,Hướng đi theo vạch kẻ đường,"Cầu vượt liên thông, hướng đi theo vạch kẻ đường","Làn dành cho xe khách, Đường có làn dành cho xe khách",Đường có làn dành cho xe khách,,,,,,
train_0051,23245211_035_clip_008_0051_0060_Y,/workspace/RoadBuddy/data/train/videos/23245211_035_clip_008_0051_0060_Y.mp4,Xe đang đi trên làn hiện tại có được quay đầu không?,Có,Không,,,,,,,,
train_0058,5dc7b3e6_183_clip_007_0041_0050_Y,/workspace/RoadBuddy/data/train/videos/5dc7b3e6_183_clip_007_0041_0050_Y.mp4,"Trong video, cụm vạch kẻ nằm ngang trên làn đường đang chạy có ý nghĩa gì?",Quy định nơi người đi bộ qua đường,Quy định nơi xe đạp qua đường,Báo hiệu đoạn đường cần giảm tốc độ,Báo hiệu phía trước có chỗ giao nhau với đường sắt,,,,,,
train_0059,5dc7b3e6_183_clip_007_0041_0050_Y,/workspace/RoadBuddy/data/train/videos/5dc7b3e6_183_clip_007_0041_0050_Y.mp4,"Trong video, các phương tiện có thể đi theo các hướng nào?",Chỉ đi thẳng,Đi thẳng và rẽ phải,Đi thẳng và rẽ trái,"Đi thẳng, rẽ phải và rẽ trái",,,,,,
train_0060,5dc7b3e6_183_clip_007_0041_0050_Y,/workspace/RoadBuddy/data/train/videos/5dc7b3e6_183_clip_007_0041_0050_Y.mp4,"Biển báo trong video hướng dẫn các phương tiện có thể quay đầu, đúng hay sai?",Đúng,Sai,,,,,,,,
train_0061,8ae769ed_183_clip_008_0050_0060_Y,/workspace/RoadBuddy/data/train/videos/8ae769ed_183_clip_008_0050_0060_Y.mp4,"Theo biển chỉ dẫn, các phương tiện giao thông trên làn đường ngoài cùng bên phải được phép đi theo hướng nào khi đến nút giao?",Chỉ được phép đi thẳng,Đi thẳng và rẽ phải,Đi thẳng và rẽ trái,"Đi thẳng, rẽ phải và rẽ trái",,,,,,
train_0062,8ae769ed_183_clip_008_0050_0060_Y,/workspace/RoadBuddy/data/train/videos/8ae769ed_183_clip_008_0050_0060_Y.mp4,Nếu xe ô tô đang chạy ở làn ngoài cùng bên trái thì khi đến nút giao được phép đi thẳng hoặc quay đầu xe đúng hay sai?,Đúng,Sai,,,,,,,,
train_0063,8ae769ed_183_clip_008_0050_0060_Y,/workspace/RoadBuddy/data/train/videos/8ae769ed_183_clip_008_0050_0060_Y.mp4,Biển cảnh báo nguy hiểm trên làn đường đang chạy có ý nghĩa gì?,Cảnh báo phía trước có chướng ngại vật,Cảnh báo đường hẹp bên phải,Cảnh báo chỗ ngoặt nguy hiểm vòng bên phải,Cảnh báo đường trơn,,,,,,
train_0070,add702c9_063_clip_003_0017_0024_Y,/workspace/RoadBuddy/data/train/videos/add702c9_063_clip_003_0017_0024_Y.mp4,Phương tiện trong video vừa đi ngang qua địa điểm nào?,Cầu Khánh Hội,Cầu Nhơn Hội,Cầu Phú Mỹ,Cầu Kênh Tẻ,,,,,,
train_0071,add702c9_063_clip_003_0017_0024_Y,/workspace/RoadBuddy/data/train/videos/add702c9_063_clip_003_0017_0024_Y.mp4,"Phương tiện trong video đang di chuyển trong hầm chui, đúng hay sai?",Đúng,Sai,,,,,,,,
train_0078,4a8ff810_544_clip_001_0000_0005_Y,/workspace/RoadBuddy/data/train/videos/4a8ff810_544_clip_001_0000_0005_Y.mp4,Làn đường của xe máy có những biển báo nào?,Biển báo nguy hiểm,Biển báo cấm,Hết hạn chế tốc độ tối thiểu,Tất cả đáp án trên,,,,,,
train_0079,4a8ff810_544_clip_001_0000_0005_Y,/workspace/RoadBuddy/data/train/videos/4a8ff810_544_clip_001_0000_0005_Y.mp4,"Video tại khu vực giao thông đường nội khu, đúng hay sai?",Đúng,Sai,,,,,,,,
train_0088,83f02dc7_100_clip_001_0000_0006_N,/workspace/RoadBuddy/data/train/videos/83f02dc7_100_clip_001_0000_0006_N.mp4,Biển báo trong video là loại biển báo gì?,Dành cho người đi bộ sang ngang,Trẻ em,Dành cho người khuyết tật,Cầu vượt qua đường,,,,,,
train_0089,83f02dc7_100_clip_001_0000_0006_N,/workspace/RoadBuddy/data/train/videos/83f02dc7_100_clip_001_0000_0006_N.mp4,Biển báo đầu tiên xuất hiện trong video là loại biển báo gì?,Biển báo nguy hiểm,Biển báo hiệu lệnh,Biển báo cấm,Biển báo chỉ dẫn,,,,,,
train_0092,963a8617_100_clip_003_0011_0017_Y,/workspace/RoadBuddy/data/train/videos/963a8617_100_clip_003_0011_0017_Y.mp4,Trong video có những biển báo gì?,Trạm sửa chữa,Chỉ dẫn cây xăng ở phía trước,"Dành cho người khuyết tật, Cây xăng, Giao nhau với đường không ưu tiên","Cầu vượt qua đường, Giao nhau với đường không ưu tiên",,,,,,
train_0093,963a8617_100_clip_003_0011_0017_Y,/workspace/RoadBuddy/data/train/videos/963a8617_100_clip_003_0011_0017_Y.mp4,"Trong video xuất hiện biển báo nguy hiểm, đúng hay sai?",Đúng,Sai,,,,,,,,
train_0098,ff86cc31_100_clip_015_0101_0107_Y,/workspace/RoadBuddy/data/train/videos/ff86cc31_100_clip_015_0101_0107_Y.mp4,Trong video có xuất hiện biển báo hiệu lệnh không?,Có,Không,,,,,,,,
train_0099,ff86cc31_100_clip_015_0101_0107_Y,/workspace/RoadBuddy/data/train/videos/ff86cc31_100_clip_015_0101_0107_Y.mp4,Có mấy loại biển báo xuất hiện trong video?,1,2,3,4,,,,,,
train_0104,5d3d9e56_100_clip_025_0166_0172_Y,/workspace/RoadBuddy/data/train/videos/5d3d9e56_100_clip_025_0166_0172_Y.mp4,Biển báo xuất hiện đầu tiên trong video có ý nghĩa gì?,Sắp giao nhau với đường không ưu tiên.,Sắp giao nhau với đường ưu tiên.,Không có ý nghĩ,Sắp giao nhau với đường giành cho xe thô sơ.,,,,,,
train_0105,5d3d9e56_100_clip_025_0166_0172_Y,/workspace/RoadBuddy/data/train/videos/5d3d9e56_100_clip_025_0166_0172_Y.mp4,Biển báo hiện tại có ý nghĩa gì?,Sắp giao nhau với đường không ưu tiên.,Sắp giao nhau với đường ưu tiên.,Không có ý nghĩ,Sắp giao nhau với đường giành cho xe thô sơ.,,,,,,
train_0106,a974d079_345_clip_001_0000_0009_Y,/workspace/RoadBuddy/data/train/videos/a974d079_345_clip_001_0000_0009_Y.mp4,Đoạn đường trong video này có biển báo cấm không?,Không,Có,,,,,,,,
train_0107,a974d079_345_clip_001_0000_0009_Y,/workspace/RoadBuddy/data/train/videos/a974d079_345_clip_001_0000_0009_Y.mp4,Biển tam giác viền đỏ trong video có ý nghĩa gì?,Báo hiệu phía trước có đường giao nhau,Báo hiệu phía trước có khúc cua nguy hiểm bên phải,Báo hiệu khu vực thi công,Báo hiệu đường hẹp,,,,,,
train_0115,f071d879_345_clip_009_0054_0064_N,/workspace/RoadBuddy/data/train/videos/f071d879_345_clip_009_0054_0064_N.mp4,Biển báo màu xanh lá cây trong video này có ý nghĩa gì?,Báo khoảng cách đến lối ra phía trước,Báo hiệu khu vực cấm dừng đỗ bắt đầu từ vị trí này,Biển căn khoảng cách với các xe đi phía trước,Biển tốc độ tối thiểu cho phép,,,,,,
train_0116,f071d879_345_clip_009_0054_0064_N,/workspace/RoadBuddy/data/train/videos/f071d879_345_clip_009_0054_0064_N.mp4,"Trong video này, xe đang chạy còn cách cầu vượt đường sắt 200m đúng hay sai?",Đúng,Sai,,,,,,,,
train_0117,45b89cd9_345_clip_010_0064_0073_Y,/workspace/RoadBuddy/data/train/videos/45b89cd9_345_clip_010_0064_0073_Y.mp4,Đoạn đường trong video này có nút giao có đèn tín hiệu không?,Có,Không,,,,,,,,
train_0118,45b89cd9_345_clip_010_0064_0073_Y,/workspace/RoadBuddy/data/train/videos/45b89cd9_345_clip_010_0064_0073_Y.mp4,Biển tam giác vàng viền đỏ cảnh báo điều gì?,Cảnh báo có đường cáp điện phía trên,Cấm đi vào khu vực có sấm sét,Khu vực có trạm biến áp điện cao thế,Biển báo tốc độ giới hạn do sét gây ra,,,,,,
train_0119,45b89cd9_345_clip_010_0064_0073_Y,/workspace/RoadBuddy/data/train/videos/45b89cd9_345_clip_010_0064_0073_Y.mp4,Những biển báo nào xuất hiện trong video? Chọn đáp án đúng và đầy đủ nhất,Biển cảnh báo đường cáp điện phía trên,Biển báo chiều cao an toàn 5m,Cả A và B,Chỉ có biển cảnh báo đường cáp điện phía trên,,,,,,
train_0120,4dc82a1e_345_clip_012_0081_0091_Y,/workspace/RoadBuddy/data/train/videos/4dc82a1e_345_clip_012_0081_0091_Y.mp4,"Trong video, biển báo đầu tiên nằm bên phải đoạn đường yêu cầu các phương tiện phải giữ điều kiện gì?",Giới hạn tốc độ tối đa 100 km/h,Khoảng cách tối thiểu 100 mét,Cấm đi quá 100 mét,Đường cấm xe trên 100 tấn,,,,,,
train_0121,4dc82a1e_345_clip_012_0081_0091_Y,/workspace/RoadBuddy/data/train/videos/4dc82a1e_345_clip_012_0081_0091_Y.mp4,"Trong video, biển báo đầu tiên nằm bên phải đoạn đường yêu cầu các phương tiện phải giữ giới hạn tốc độ tối đa 90 km/h, phải không?",Phải,Không phải,,,,,,,,
train_0134,8d03c91e_345_clip_019_0137_0147_Y,/workspace/RoadBuddy/data/train/videos/8d03c91e_345_clip_019_0137_0147_Y.mp4,Có các loại biển báo nào xuất hiện trong video?,"Biển báo cấm, biển báo chỉ dẫn","Biển báo hiệu lệnh, biển báo chỉ dẫn","Biển báo cấm, biển báo hiệu lệnh",Biển báo cấm,,,,,,
train_0135,8d03c91e_345_clip_019_0137_0147_Y,/workspace/RoadBuddy/data/train/videos/8d03c91e_345_clip_019_0137_0147_Y.mp4,Xe chạy với tốc độ 90km/h trên đoạn đường này có vi phạm luật giao thông không?,Có,Không,,,,,,,,
train_0136,8d03c91e_345_clip_019_0137_0147_Y,/workspace/RoadBuddy/data/train/videos/8d03c91e_345_clip_019_0137_0147_Y.mp4,Có tổng cộng bao nhiêu biển báo?,5,6,7,8,,,,,,
train_0137,bd21bc11_461_clip_008_0048_0056_Y,/workspace/RoadBuddy/data/train/videos/bd21bc11_461_clip_008_0048_0056_Y.mp4,Biển báo xuất hiện đầu tiên trong video thuộc loại biển báo nào?,Biển báo chỉ dẫn,Biển báo nguy hiểm,Biển báo cấm,Biển báo hiệu lệnh,,,,,,
train_0138,bd21bc11_461_clip_008_0048_0056_Y,/workspace/RoadBuddy/data/train/videos/bd21bc11_461_clip_008_0048_0056_Y.mp4,Xe sắp đi đến đoạn đường ngoặt trái đúng không?,Đúng,Không,,,,,,,,
train_0141,746cdb77_461_clip_014_0092_0102_Y,/workspace/RoadBuddy/data/train/videos/746cdb77_461_clip_014_0092_0102_Y.mp4,Trong video có bao nhiêu loại biển báo?,1,2,3,Không có,,,,,,
train_0142,746cdb77_461_clip_014_0092_0102_Y,/workspace/RoadBuddy/data/train/videos/746cdb77_461_clip_014_0092_0102_Y.mp4,Đường có 3 làn phải không?,Phải,Không,,,,,,,,
train_0157,a9ab364a_015_clip_016_0103_0112_Y,/workspace/RoadBuddy/data/train/videos/a9ab364a_015_clip_016_0103_0112_Y.mp4,"Trong video, đi theo lối ra thì tốc độ tối đa được phép là bao nhiêu?",80km/h,90km/h,100km/h,120km/h,,,,,,
train_0158,a9ab364a_015_clip_016_0103_0112_Y,/workspace/RoadBuddy/data/train/videos/a9ab364a_015_clip_016_0103_0112_Y.mp4,Các loại biển báo trong video là những loại nào?,"Biển báo phụ, Biển báo trên đường cao tốc","Biển báo phụ, Biển chỉ dẫn, Biển báo trên đường cao tốc","Biển chỉ dẫn, Biển báo trên đường cao tốc","Biển chỉ dẫn, Biển báo trên đường cao tốc",,,,,,
train_0159,a9ab364a_015_clip_016_0103_0112_Y,/workspace/RoadBuddy/data/train/videos/a9ab364a_015_clip_016_0103_0112_Y.mp4,Biển báo tốc độ tối đa cho phép trong video là bao nhiêu?,60 km/h,80 km/h,100 km/h,120 km/h,,,,,,
train_0162,a66fd7f7_015_clip_018_0117_0123_Y,/workspace/RoadBuddy/data/train/videos/a66fd7f7_015_clip_018_0117_0123_Y.mp4,"Trong video, biển báo nguy hiểm ""Hạn chế chiều cao"" bao nhiêu mét?",3,4,5,5.5,,,,,,
train_0163,a66fd7f7_015_clip_018_0117_0123_Y,/workspace/RoadBuddy/data/train/videos/a66fd7f7_015_clip_018_0117_0123_Y.mp4,"Theo biển báo các phương tiện không được phép di chuyển với tốc độ dưới 80 km/h, đúng hay sai?",Đúng,Sai,,,,,,,,
train_0164,a66fd7f7_015_clip_018_0117_0123_Y,/workspace/RoadBuddy/data/train/videos/a66fd7f7_015_clip_018_0117_0123_Y.mp4,"Trong video, hướng di chuyển sang cao tốc Phan Thiết Dầu Dây thì đi hướng nào?",Đi thẳng,Rẽ trái,Rẽ phải,Vòng quay đầu,,,,,,
train_0166,980402a2_015_clip_020_0129_0139_Y,/workspace/RoadBuddy/data/train/videos/980402a2_015_clip_020_0129_0139_Y.mp4,Nội dung của 2 biển báo nguy hiểm xuất hiện trong video là gì?,"Chỗ ngoặt nguy hiểm vòng bên phải, chiều cao tĩnh không thực tế là 5.0 m","Chỗ ngoặt nguy hiểm vòng bên trái, chiều cao tĩnh không thực tế là 5.0 m","Chỗ ngoặt nguy hiểm vòng bên phải, cảnh báo giới hạn chiều cao là 5.0 m","Chỗ ngoặt nguy hiểm vòng bên trái, cảnh báo giới hạn chiều cao là 5.0 m",,,,,,
train_0167,980402a2_015_clip_020_0129_0139_Y,/workspace/RoadBuddy/data/train/videos/980402a2_015_clip_020_0129_0139_Y.mp4,Trong video không xuất hiện loại biển báo nào sau đây?,Biển phụ,Biển chỉ dẫn,Biển cấm,Biển báo nguy hiểm,,,,,,
train_0168,980402a2_015_clip_020_0129_0139_Y,/workspace/RoadBuddy/data/train/videos/980402a2_015_clip_020_0129_0139_Y.mp4,"Trong video, có xuất hiện biển báo hiệu lệnh không?",Có,Không,,,,,,,,
train_0182,83e96ef4_164_clip_009_0052_0062_Y,/workspace/RoadBuddy/data/train/videos/83e96ef4_164_clip_009_0052_0062_Y.mp4,Có những biển báo nào xuất hiện trong video,"Cấm dừng cấm đỗ, biển cảnh báo giới hạn chiều cao, biển hướng dẫn nhập làn, biển cấm rẽ phải và quay đầu","Cấm dừng cấm đỗ, biển cảnh báo giới hạn chiều cao, biển hướng dẫn nhập làn, biển cấm rẽ phải","Biển cảnh báo giới hạn chiều cao, biển hướng dẫn nhập làn, biển cấm rẽ phải và quay đầu","Cấm dừng cấm đỗ, biển cảnh báo giới hạn chiều cao, biển hướng dẫn nhập làn, biển cấm quay đầu",,,,,,
train_0183,83e96ef4_164_clip_009_0052_0062_Y,/workspace/RoadBuddy/data/train/videos/83e96ef4_164_clip_009_0052_0062_Y.mp4,"Trong video này, biển báo cấm đầu tiên bên tay phải mang ý nghĩa gì?",Cấm rẽ phải và quay đầu xe,Cấm rẽ trái và quay đầu xe,Cấm quay đầu xe,Cả 3 đáp án trên đều đúng,,,,,,
train_0184,bdc14f1f_164_clip_011_0071_0078_Y,/workspace/RoadBuddy/data/train/videos/bdc14f1f_164_clip_011_0071_0078_Y.mp4,"Theo biển báo như trong video, phương tiện được phép lưu thông trên tuyến đường này phải tuân thủ quy định nào về tốc độ?",Không được chạy quá 120 km/h và không được dưới 60 km/h.,"Được phép chạy tối đa 100 km/h, không giới hạn tốc độ tối thiểu.","Tốc độ tối đa 80 km/h, tối thiểu 40 km/h.",Không có quy định về tốc độ tối thiểu.,,,,,,
train_0185,bdc14f1f_164_clip_011_0071_0078_Y,/workspace/RoadBuddy/data/train/videos/bdc14f1f_164_clip_011_0071_0078_Y.mp4,"Theo biển báo như trong video, phương tiện được phép lưu thông trên tuyến đường này phải tuân thủ quy định không được chạy quá 120 km/h và không được dưới 60 km/h. Đúng hay sai?",Đúng,Sai,,,,,,,,
train_0186,bdc14f1f_164_clip_011_0071_0078_Y,/workspace/RoadBuddy/data/train/videos/bdc14f1f_164_clip_011_0071_0078_Y.mp4,Biển báo lớn màu xanh lá cho biết những thông tin gì?,"Tuyến đường cao tốc Long Thành – Dầu Giây, tốc độ tối đa 120 km/h và tối thiểu 60 km/h.","Tuyến quốc lộ Long Thành – Dầu Giây, tốc độ tối thiểu 60 km/h.","Đường nội đô Long Thành – Dầu Giây, giới hạn tốc độ tối đa 120 km/h.",Đường cao tốc Long Thành – Dầu Giây,,,,,,
train_0191,72ecf16e_164_clip_025_0164_0174_N,/workspace/RoadBuddy/data/train/videos/72ecf16e_164_clip_025_0164_0174_N.mp4,"Trong trường hợp không xảy ra tai nạn, sự cố khẩn cấp thì mình có được điện thoại vào số điện thoại khẩn cấp trên biển báo hay không?",Không,Có,,,,,,,,
train_0192,72ecf16e_164_clip_025_0164_0174_N,/workspace/RoadBuddy/data/train/videos/72ecf16e_164_clip_025_0164_0174_N.mp4,Biển báo xuất hiện đầu tiên trong video dùng để làm gì?,Cung cấp số điện thoại lúc khẩn cấp khi có tai nạn,Cung cấp số điện thoại lúc khẩn cấp khi có sự cố nghiêm trọng,Cung cấp số điện thoại ban quản lý tuyến đường,Cả A và B,,,,,,
train_0193,72ecf16e_164_clip_025_0164_0174_N,/workspace/RoadBuddy/data/train/videos/72ecf16e_164_clip_025_0164_0174_N.mp4,Các biển báo trong video thuộc nhóm biển báo nào?,Biển hiệu lệnh,Biển chỉ dẫn,Biển báo phụ,Biển báo trên đường cao tốc,,,,,,
train_0199,ebc2026f_495_clip_013_0090_0098_N,/workspace/RoadBuddy/data/train/videos/ebc2026f_495_clip_013_0090_0098_N.mp4,"Trong video, có phải xuất hiện biển chỉ dẫn giữ khoảng cách lái xe an toàn và biển căn khoảng cách giữa các xe trên cao tốc không?",Phải,Không phải,,,,,,,,
train_0200,ebc2026f_495_clip_013_0090_0098_N,/workspace/RoadBuddy/data/train/videos/ebc2026f_495_clip_013_0090_0098_N.mp4,Biển báo nào sau đây xuất hiện trong video?,Biển căn khoảng cách giữa các xe trên cao tố,"Biển chỉ dẫn giữ khoảng cách lái xe an toàn, biển cấm đỗ",Biển báo cấm quay đầu,"Biển chỉ dẫn giữ khoảng cách lái xe an toàn, biển căn khoảng cách giữa các xe trên cao tốc",,,,,,
train_0228,4a5b1aff_202_clip_012_0082_0087_Y,/workspace/RoadBuddy/data/train/videos/4a5b1aff_202_clip_012_0082_0087_Y.mp4,Biển tốc độ tối đa cho phép chỉ áp dụng cho xe tải đúng hay sai?,Đúng,Sai,,,,,,,,
train_0229,4a5b1aff_202_clip_012_0082_0087_Y,/workspace/RoadBuddy/data/train/videos/4a5b1aff_202_clip_012_0082_0087_Y.mp4,Đoạn đường trong video có tốc độ tối đa cho phép là bao nhiêu?,70km/h,80km/h,90km/h,100km/h,,,,,,
train_0236,d2e82f38_202_clip_025_0168_0175_N,/workspace/RoadBuddy/data/train/videos/d2e82f38_202_clip_025_0168_0175_N.mp4,Biển báo trong video cho biết nút giao Long Thành cách bạn bao nhiêu mét?,200 mét,300 mét,400 mét,500 mét,,,,,,
train_0237,d2e82f38_202_clip_025_0168_0175_N,/workspace/RoadBuddy/data/train/videos/d2e82f38_202_clip_025_0168_0175_N.mp4,"Trong video không xuất hiện loại biển báo nào, đúng hay sai?",Đúng,Sai,,,,,,,,
train_0240,c35bec2c_240_clip_002_0005_0014_Y,/workspace/RoadBuddy/data/train/videos/c35bec2c_240_clip_002_0005_0014_Y.mp4,Biển báo đầu tiên xuất hiện là biển báo gì?,Biển chỉ dẫn sơ đồ lối ra một chiều,Biển báo hạn chế trọng lượng,Cầu vượt liên thông,Đường giao nhau,,,,,,
train_0241,c35bec2c_240_clip_002_0005_0014_Y,/workspace/RoadBuddy/data/train/videos/c35bec2c_240_clip_002_0005_0014_Y.mp4,"Biển báo đầu tiên xuất hiện là biển báo hạn chế trọng lượng, đúng hay sai?",Đúng,Sai,,,,,,,,
train_0246,10d08d11_240_clip_006_0033_0042_Y,/workspace/RoadBuddy/data/train/videos/10d08d11_240_clip_006_0033_0042_Y.mp4,Biển báo tròn trên cầu trong video là biển báo gì?,Biển báo hạn chế chiều cao 5 m,Biển báo hạn chế trọng lượng,Đường bị hẹp,Đường giao nhau,,,,,,
train_0247,10d08d11_240_clip_006_0033_0042_Y,/workspace/RoadBuddy/data/train/videos/10d08d11_240_clip_006_0033_0042_Y.mp4,"Trong video, biển báo cấm trên cầu là biển báo hạn chế chiều cao 4 m, phải không?",Phải,Không phải,,,,,,,,
train_0268,69ca97d2_545_clip_007_0047_0052_N,/workspace/RoadBuddy/data/train/videos/69ca97d2_545_clip_007_0047_0052_N.mp4,Ý nghĩa của các biển báo trên là gì?,Phạm vi tác dụng của biển,Khoảng cách biển báo,Mốc khoảng cách an toàn,Cự ly tối thiểu giữa hai xe,,,,,,
train_0269,69ca97d2_545_clip_007_0047_0052_N,/workspace/RoadBuddy/data/train/videos/69ca97d2_545_clip_007_0047_0052_N.mp4,"Trong video, tại thời điểm xe đang ở vị trí biển 0m cách xe container phía trước 50m đúng không?",Đúng,Sai,,,,,,,,
train_0272,f396ea37_545_clip_013_0092_0100_Y,/workspace/RoadBuddy/data/train/videos/f396ea37_545_clip_013_0092_0100_Y.mp4,Có bao nhiêu biển báo giao thông xuất hiện trong video?,0,1,2,3,,,,,,
train_0273,f396ea37_545_clip_013_0092_0100_Y,/workspace/RoadBuddy/data/train/videos/f396ea37_545_clip_013_0092_0100_Y.mp4,Có 2 biển báo giao thông xuất hiện trong video. Đúng hay sai?,Đúng,Sai,,,,,,,,
train_0274,f396ea37_545_clip_013_0092_0100_Y,/workspace/RoadBuddy/data/train/videos/f396ea37_545_clip_013_0092_0100_Y.mp4,Những biển báo nào xuất hiện trong video? Chọn đáp án đúng và đầy đủ nhất.,"Biển báo chiều cao tối thiểu 5m, biển báo tốc độ tối thiểu 100km/h, biển cấm dừng đỗ","Biển báo chiều cao tĩnh không thực tế 5m, biển báo tốc độ tối đa 100km/h.","Biển báo chiều cao tĩnh không thực tế 5m, biển báo tốc độ tối đa 100km/h, biển phụ lối ra",Chỉ có biển báo tốc độ tối đa 100km/h.,,,,,,
train_0275,42c2d2eb_545_clip_014_0100_0108_Y,/workspace/RoadBuddy/data/train/videos/42c2d2eb_545_clip_014_0100_0108_Y.mp4,"Trên đoạn đường này, hai biển báo tốc độ tối đa cho phép lần lượt là bao nhiêu?",70 km/h và 90 km/h,60 km/h và 80 km/h,100 km/h và 80 km/h,100 km/h và 120 km/h,,,,,,
train_0276,42c2d2eb_545_clip_014_0100_0108_Y,/workspace/RoadBuddy/data/train/videos/42c2d2eb_545_clip_014_0100_0108_Y.mp4,"Trên đoạn đường này, hai biển báo tốc độ tối đa cho phép lần lượt là bao nhiêu?",70 km/h và 90 km/h,60 km/h và 80 km/h,100 km/h và 80 km/h,100 km/h và 120 km/h,,,,,,
train_0277,42c2d2eb_545_clip_014_0100_0108_Y,/workspace/RoadBuddy/data/train/videos/42c2d2eb_545_clip_014_0100_0108_Y.mp4,"Trên đoạn đường này, hai biển báo tốc độ tối đa cho phép lần lượt là 70 km/h và 90 km/h. Đúng hay sai?",Đúng,Sai,,,,,,,,
train_0278,386ecbe0_545_clip_015_0108_0118_Y,/workspace/RoadBuddy/data/train/videos/386ecbe0_545_clip_015_0108_0118_Y.mp4,Loại biển báo xuất hiện nhiều nhất trong video là loại biển báo nào?,Biển báo chỉ dẫn,Biển báo nguy hiểm,Biển báo trên đường cao tốc,Biển báo cấm,,,,,,
train_0279,386ecbe0_545_clip_015_0108_0118_Y,/workspace/RoadBuddy/data/train/videos/386ecbe0_545_clip_015_0108_0118_Y.mp4,Hai biển báo cấm loại phương tiện nào?,Cấm xe ôtô khách và xe ôtô tải,Cấm xe ôtô khách và xe sơ-mi-rơ-moóc,Cấm xe ôtô tải và xe máy,"Cấm xe ôtô tải trên 1,5 tấn và cấm xe ôtô khách trên 16 chỗ",,,,,,
train_0280,386ecbe0_545_clip_015_0108_0118_Y,/workspace/RoadBuddy/data/train/videos/386ecbe0_545_clip_015_0108_0118_Y.mp4,Loại biển báo xuất hiện nhiều nhất trong video là biển báo phụ. Đúng hay sai?,Đúng,Sai,,,,,,,,
train_0288,3cb98350_545_clip_020_0148_0158_Y,/workspace/RoadBuddy/data/train/videos/3cb98350_545_clip_020_0148_0158_Y.mp4,Có 3 biển báo giao thông trong video. Đúng hay sai?,Đúng,Sai,,,,,,,,
train_0289,3cb98350_545_clip_020_0148_0158_Y,/workspace/RoadBuddy/data/train/videos/3cb98350_545_clip_020_0148_0158_Y.mp4,Những biển báo nào xuất hiện trong video? Chọn đáp án đúng và đầy đủ nhất.,Biển tốc độ tối thiểu 60km/h; Biển hạn chế tải trọng 120 tấn.,Biển tốc độ tối đa 120km/h; Biển tốc độ tối thiểu 60km/h.,Biển tốc độ tối thiểu 120km/h; Biển hạn chế tải trọng 60 tấn.,Biển tải trọng tối đa 120 tấn; Biển tải trọng tối thiểu 60 tấn.,,,,,,
train_0290,3cb98350_545_clip_020_0148_0158_Y,/workspace/RoadBuddy/data/train/videos/3cb98350_545_clip_020_0148_0158_Y.mp4,Có bao nhiêu biển báo giao thông trong video?,0,1,2,3,,,,,,
train_0318,f99f0704_525_clip_015_0108_0117_Y,/workspace/RoadBuddy/data/train/videos/f99f0704_525_clip_015_0108_0117_Y.mp4,Các biển báo tại trạm thu phí trong video có ý nghĩa gì?,Báo hiệu khu vực trạm thu phí ETC,"Báo hiệu đường cấm xe tải lưu thông, yêu cầu giữ khoảng cách 10 mét.","Báo hiệu khu vực có công trường đang thi công, yêu cầu xe đi chậm.",Báo hiệu khu vực dừng nghỉ cho xe ET,,,,,,
train_0319,f99f0704_525_clip_015_0108_0117_Y,/workspace/RoadBuddy/data/train/videos/f99f0704_525_clip_015_0108_0117_Y.mp4,"Theo như các biển báo trong video thì xe được phép dừng từ 10 phút trở lên, đúng hay sai?",Đúng,Sai,,,,,,,,
train_0357,f3ea0184_277_clip_005_0029_0036_Y,/workspace/RoadBuddy/data/train/videos/f3ea0184_277_clip_005_0029_0036_Y.mp4,"Biển báo cấm xuất hiện đầu tiên phía tay trái trong video mang ý nghĩa cấm dừng và đỗ xe, đúng hay sai?",Đúng,Sai,,,,,,,,
train_0358,f3ea0184_277_clip_005_0029_0036_Y,/workspace/RoadBuddy/data/train/videos/f3ea0184_277_clip_005_0029_0036_Y.mp4,Biển báo cấm xuất hiện đầu tiên phía tay trái trong video mang ý nghĩa gì?,Cấm đi ngược chiều,Đường cấm,Cấm dừng và đỗ xe,Không có đáp án đúng,,,,,,
train_0359,f3ea0184_277_clip_005_0029_0036_Y,/workspace/RoadBuddy/data/train/videos/f3ea0184_277_clip_005_0029_0036_Y.mp4,Trong video xuất hiện những loại biển báo nào? Chọn đáp án đúng và đầy đủ nhất.,"Cấm xe tải, cấm dừng đỗ, cấm xe hai và ba bánh, giữ khoảng cách an toàn, giới hạn chiều cao","Cấm xe tải, cấm đỗ xe, cấm xe hai và ba bánh, giữ khoảng cách an toàn, giới hạn chiều cao","Cấm xe tải, cấm dừng đỗ, cấm xe hai và ba bánh, giảm tốc độ, giới hạn chiều cao","Cấm xe tải, cấm dừng đỗ, cấm xe hai và ba bánh, giữ khoảng cách an toàn, giới hạn chiều rộng",,,,,,
train_0364,5e187b24_277_clip_011_0068_0077_N,/workspace/RoadBuddy/data/train/videos/5e187b24_277_clip_011_0068_0077_N.mp4,"Trong video này, theo biển chỉ dẫn thì hướng đi đường Lê Khả Phiêu là đi theo hướng nào?",Đi thẳng,Rẽ trái,Rẽ phải,Đi thẳng và rẽ trái,,,,,,
train_0365,5e187b24_277_clip_011_0068_0077_N,/workspace/RoadBuddy/data/train/videos/5e187b24_277_clip_011_0068_0077_N.mp4,"Trong video này, phương tiện cần rẽ trái để đến đường Huỳnh Tấn Phát là đúng hay sai?",Đúng,Sai,,,,,,,,
train_0371,b2c08394_277_clip_019_0132_0140_Y,/workspace/RoadBuddy/data/train/videos/b2c08394_277_clip_019_0132_0140_Y.mp4,Phương tiện nào bị cấm di chuyển trên làn xe đang chạy?,Xe 2 bánh và xe 3 bánh,Xe ô tô,Xe tải và xe đầu kéo,Xe buýt,,,,,,
train_0372,b2c08394_277_clip_019_0132_0140_Y,/workspace/RoadBuddy/data/train/videos/b2c08394_277_clip_019_0132_0140_Y.mp4,"Trên làn đường hiện tại, xe ô tô có được chạy với tốc độ 60km/h không?",Có,Không,,,,,,,,
train_0373,d4ef00aa_277_clip_024_0170_0180_Y,/workspace/RoadBuddy/data/train/videos/d4ef00aa_277_clip_024_0170_0180_Y.mp4,"Biển báo cấm trong video bên phải làn xe chạy có ý nghĩa cấm đi ngược chiều, đúng hay sai?",Đúng,Sai,,,,,,,,
train_0374,d4ef00aa_277_clip_024_0170_0180_Y,/workspace/RoadBuddy/data/train/videos/d4ef00aa_277_clip_024_0170_0180_Y.mp4,Biển báo cấm trong video bên phải làn xe chạy có ý nghĩa gì?,Cấm dừng và đỗ xe,Cấm đỗ xe,Cấm đi ngược chiều,Cấm quay đầu xe,,,,,,
train_0378,752a7d25_462_clip_003_0015_0021_Y,/workspace/RoadBuddy/data/train/videos/752a7d25_462_clip_003_0015_0021_Y.mp4,Xe mô tô được phép đi hướng nào kể cả khi đèn đỏ trong video?,Đi thẳng,Rẽ phải,Rẽ trái,Không được đi bắt kỳ hướng nào,,,,,,
train_0379,752a7d25_462_clip_003_0015_0021_Y,/workspace/RoadBuddy/data/train/videos/752a7d25_462_clip_003_0015_0021_Y.mp4,"Trong video, biển báo cấm nào xuất hiện",Cấm đi ngược chiều,Cấm rẽ phải,Cấm rẽ trái,Không có biển báo cấm nào,,,,,,
train_0380,88476c56_462_clip_008_0053_0062_Y,/workspace/RoadBuddy/data/train/videos/88476c56_462_clip_008_0053_0062_Y.mp4,Các phương tiện có được phép trái khi đèn xanh không?,Có,Không,,,,,,,,
train_0381,88476c56_462_clip_008_0053_0062_Y,/workspace/RoadBuddy/data/train/videos/88476c56_462_clip_008_0053_0062_Y.mp4,Biển báo cấm bên trái làn xe chạy trong video có ý nghĩa gì?,Cấm rẽ trái,Cấm rẽ phải,Cấm quay đầu xe,Cấm đi ngược chiều,,,,,,
train_0385,2e8d0e87_462_clip_019_0150_0157_Y,/workspace/RoadBuddy/data/train/videos/2e8d0e87_462_clip_019_0150_0157_Y.mp4,Trong video có biển báo cấm không?,Có,Không,,,,,,,,
train_0404,30ec2796_094_clip_011_0075_0081_N,/workspace/RoadBuddy/data/train/videos/30ec2796_094_clip_011_0075_0081_N.mp4,Biển báo chỉ dẫn bên phải làn xe chạy trong video có ý nghĩa gì?,300 m nữa sẽ đến trạm xăng,300 m nữa có trạm sửa chữa xe,300 m nữa có khu vực nghỉ ngơi,300 m nữa có bãi đỗ xe,,,,,,
train_0405,30ec2796_094_clip_011_0075_0081_N,/workspace/RoadBuddy/data/train/videos/30ec2796_094_clip_011_0075_0081_N.mp4,Mấy trăm mét nữa sẽ đến trạm xăng?,1km,200m,200m,Không có thông tin,,,,,,
train_0442,6f7c15ea_182_clip_005_0032_0040_Y,/workspace/RoadBuddy/data/train/videos/6f7c15ea_182_clip_005_0032_0040_Y.mp4,Hướng cầu Tân Thuận là hướng nào?,Đi thẳng,Rẽ trái,Quay đầu và rẽ phải,Quay đầu và rẽ trái,,,,,,
train_0443,6f7c15ea_182_clip_005_0032_0040_Y,/workspace/RoadBuddy/data/train/videos/6f7c15ea_182_clip_005_0032_0040_Y.mp4,Hướng cầu Tân Thuận là hướng đi thẳng. Đúng hay sai?,Đúng,Sai,,,,,,,,
train_0450,dc98d2c1_182_clip_024_0171_0179_Y,/workspace/RoadBuddy/data/train/videos/dc98d2c1_182_clip_024_0171_0179_Y.mp4,"Trong video này, có 2 biển báo xuất hiện, đúng hay sai?",Đúng,Sai,,,,,,,,
train_0451,dc98d2c1_182_clip_024_0171_0179_Y,/workspace/RoadBuddy/data/train/videos/dc98d2c1_182_clip_024_0171_0179_Y.mp4,"Trong video này, có những loại biển báo nào?","Biển báo nguy hiểm, biển hiệu lệnh","Biển báo nguy hiểm, biển báo cấm","Biển báo nguy hiểm, biển hiệu lệnh, biển báo cấm","Biển báo nguy hiểm, biển hiệu lệnh, biển báo cấm, biển báo phụ",,,,,,
train_0463,b49e04cc_307_clip_005_0030_0036_N,/workspace/RoadBuddy/data/train/videos/b49e04cc_307_clip_005_0030_0036_N.mp4,Trong video có xuất hiện biển báo hiệu lệnh không?,Có,Không,,,,,,,,
train_0464,b49e04cc_307_clip_005_0030_0036_N,/workspace/RoadBuddy/data/train/videos/b49e04cc_307_clip_005_0030_0036_N.mp4,"Trong video này, tài xế có được phép điều khiển phương tiện của mình tạt vào phía bên phải vạch kẻ đường ngoài cùng để dừng hoặc đỗ xe hay không?",Được phép vì khu vực đó là lề đường.,Được phép dừng nhưng không được đỗ xe.,Được phép nếu có sự cố khẩn cấp.,Không được phép vì đây là dải phân cách hoặc mép đường có vỉa ngăn cách và không phải làn dừng khẩn cấp.,,,,,,
train_0476,ea83bf00_193_clip_005_0033_0042_Y,/workspace/RoadBuddy/data/train/videos/ea83bf00_193_clip_005_0033_0042_Y.mp4,"Trong video này, tài xế có thể thực hiện hành động vượt chiếc xe ô tô trắng đang đi phía trước bằng cách chuyển làn không?","Được phép nếu đảm bảo an toàn, bật xi nhan và tốc độ cho phép.",Không được phép vì đang có nhiều xe máy đi phía trướ,Không được phép vì vạch kẻ đường liên tụ,Được phép nhưng chỉ khi đi sát vỉa hè.,,,,,,
train_0477,ea83bf00_193_clip_005_0033_0042_Y,/workspace/RoadBuddy/data/train/videos/ea83bf00_193_clip_005_0033_0042_Y.mp4,"Trong video này, người lái xe có thể nhận thấy biển báo cảnh báo công trường đang thi công được đặt ở lề đường bên phải, đúng không?",Đúng,Sai,,,,,,,,
train_0478,ea83bf00_193_clip_005_0033_0042_Y,/workspace/RoadBuddy/data/train/videos/ea83bf00_193_clip_005_0033_0042_Y.mp4,"Trong video này, người lái xe có thể nhận thấy biển báo cảnh báo nào được đặt ở lề đường bên phải?",Biển báo công trường đang thi công.,Biển báo giao nhau với đường không ưu tiên.,Biển báo đường người đi bộ cắt ngang,Biển báo đi chậm.,,,,,,
train_0485,7bb38605_447_clip_005_0027_0032_N,/workspace/RoadBuddy/data/train/videos/7bb38605_447_clip_005_0027_0032_N.mp4,Biển báo nào xuất hiện đầu tiên trong video?,Biển chỉ dẫn đi thẳng,Biển cấm rẽ trái,Biển cấm quay đầu,Biển cấm vượt,,,,,,
train_0486,7bb38605_447_clip_005_0027_0032_N,/workspace/RoadBuddy/data/train/videos/7bb38605_447_clip_005_0027_0032_N.mp4,"Trong video, xe con có thể chuyển làn vào làn bên phải không?",Có,Không,,,,,,,,
train_0490,d11fc8c0_447_clip_008_0046_0060_N,/workspace/RoadBuddy/data/train/videos/d11fc8c0_447_clip_008_0046_0060_N.mp4,Biển cấm được đặt phía dưới trong video là biển gì?,Biển cấm xe tải,Biển cấm quay đầu,Biển cấm rẽ trái,Biển cấm dừng đỗ,,,,,,
train_0491,d11fc8c0_447_clip_008_0046_0060_N,/workspace/RoadBuddy/data/train/videos/d11fc8c0_447_clip_008_0046_0060_N.mp4,"Biển cấm được đặt phía dưới trong video là biển cấm xe tải, đúng hay sai?",Đúng,Sai,,,,,,,,
train_0499,70b7e868_447_clip_006_0039_0045_N,/workspace/RoadBuddy/data/train/videos/70b7e868_447_clip_006_0039_0045_N.mp4,Trong video có xuất hiện biển báo hiệu lệnh không?,Có,Không,,,,,,,,
train_0502,2999bbef_447_clip_002_0007_0013_N,/workspace/RoadBuddy/data/train/videos/2999bbef_447_clip_002_0007_0013_N.mp4,"Theo nội dung biển chỉ dẫn trong video, nếu xe con muỗn rẽ trái ở nút giao tiếp theo thì xe phải chuyển sang làn bên trái đúng không?",Đúng,Sai,,,,,,,,
train_0503,2999bbef_447_clip_002_0007_0013_N,/workspace/RoadBuddy/data/train/videos/2999bbef_447_clip_002_0007_0013_N.mp4,Nội dung của nhóm biển cấm và biển báo phụ trong video là gì?,"Cấm đỗ xe ngày chẵn trong khung giờ 6:00 - 9:00, 16:00 - 19:00 ; Cấm đỗ xe ngày lẻ trong khung giờ 9:00 - 16:00, 19:00 - 6:00","Cấm dừng đỗ xe trong khung giờ 6:00 - 9:00, 16:00 - 19:00 ; Cấm đỗ xe trong khung giờ 9:00 - 16:00, 19:00 - 6:00","Cấm đỗ xe trong khung giờ 6:00 - 9:00, 16:00 - 19:00 ; Cấm dừng đỗ xe trong khung giờ 9:00 - 16:00, 19:00 - 6:00","Cấm đỗ xe ngày lẻ trong khung giờ 6:00 - 9:00, 16:00 - 19:00 ; Cấm đỗ xe ngày lẻ trong khung giờ 9:00 - 16:00, 19:00 - 6:00",,,,,,
train_0518,0ad45230_447_clip_006_0031_0037_N,/workspace/RoadBuddy/data/train/videos/0ad45230_447_clip_006_0031_0037_N.mp4,"Trong video này, để thực hiện việc chuyển sang làn bên phải, quy trình nào sau đây là đúng luật và đảm bảo an toàn nhất?",Bật tín hiệu báo rẽ phải ngay lập tức rồi mới quan sát các xe phía sau.,"Quan sát gương chiếu hậu, kiểm tra điểm mù, bật tín hiệu rồi mới chuyển làn.",Tăng tốc vượt lên phía trước rồi nhanh chóng chuyển sang làn phải.,Đánh lái từ từ sang phải để các phương tiện khác chủ động tránh.,,,,,,
train_0519,0ad45230_447_clip_006_0031_0037_N,/workspace/RoadBuddy/data/train/videos/0ad45230_447_clip_006_0031_0037_N.mp4,"Trong video này, người lái xe có được phép điều khiển phương tiện đi vào làn đường có cắm biển báo hình tròn màu đỏ phía trước không?",Có,Không,,,,,,,,
train_0520,0ad45230_447_clip_006_0031_0037_N,/workspace/RoadBuddy/data/train/videos/0ad45230_447_clip_006_0031_0037_N.mp4,"Trong video này, khi tiến đến gần vạch kẻ đường dành cho người đi bộ, người lái xe phải thực hiện hành động ưu tiên nào sau đây?",Tăng tốc độ để nhanh chóng đi qua trước khi có người sang đường.,"Giảm tốc độ, quan sát và sẵn sàng dừng lại nhường đường.",Bấm còi liên tục để cảnh báo người đi bộ không được qua đường.,Giữ nguyên tốc độ và chỉ dừng lại khi có người đã đi vào lòng đường.,,,,,,
train_0528,87f255d6_447_clip_004_0021_0030_N,/workspace/RoadBuddy/data/train/videos/87f255d6_447_clip_004_0021_0030_N.mp4,"Trong video, tại nút giao tiếp theo, xe hơi chỉ được đi thẳng hoặc rẽ trái đúng không?",Đúng,Sai,,,,,,,,
train_0529,87f255d6_447_clip_004_0021_0030_N,/workspace/RoadBuddy/data/train/videos/87f255d6_447_clip_004_0021_0030_N.mp4,"Trong video, biển báo nào sau đây đã xuất hiện?",Biển cấm ô tô rẽ trái và quay đầu xe,Biển cấm đỗ xe,Biển cấm xe tải,Biển cấm đi ngược chiều,,,,,,
train_0530,5a057c11_447_clip_002_0010_0017_N,/workspace/RoadBuddy/data/train/videos/5a057c11_447_clip_002_0010_0017_N.mp4,"Trong video, xe buýt có được rẽ trái trong khoảng thời gian bị cấm không?",Có,Không,,,,,,,,
train_0531,5a057c11_447_clip_002_0010_0017_N,/workspace/RoadBuddy/data/train/videos/5a057c11_447_clip_002_0010_0017_N.mp4,"Trong video, biển cấm xe khách rẽ trái và quay đầu xe áp dụng trong khung giờ nào?",Từ 6 giờ đến 22 giờ,Từ 7 giờ đến 21 giờ,Từ 5 giờ đến 23 giờ,Từ 5 giờ đến 20 giờ,,,,,,
train_0587,e6b5a92c_033_clip_007_0043_0050_N,/workspace/RoadBuddy/data/train/videos/e6b5a92c_033_clip_007_0043_0050_N.mp4,Nếu xe con trong video muốn rẽ phải ở giao lộ tiếp theo thì có cần chuyển sang làn bên phải không?,Có,Không,,,,,,,,
train_0588,e6b5a92c_033_clip_007_0043_0050_N,/workspace/RoadBuddy/data/train/videos/e6b5a92c_033_clip_007_0043_0050_N.mp4,"Trong video, làn nào cho phép xe con rẽ phải ở làn tiếp theo?",Làn ở giữ,Làn ở giữ,"Làn bên trái, làn bên phải",Chỉ có làn ở bên phải,,,,,,
train_0604,4ccc9bc2_033_clip_003_0014_0021_N,/workspace/RoadBuddy/data/train/videos/4ccc9bc2_033_clip_003_0014_0021_N.mp4,"Trong video, có các loại biển báo cấm nào?",Cấm xe sơ-mi rơ-moóc,Cấm xe sơ-mi rơ-moó,Cấm xe sơ-mi rơ-moó,Cấm xe sơ-mi rơ-moó,,,,,,
train_0605,4ccc9bc2_033_clip_003_0014_0021_N,/workspace/RoadBuddy/data/train/videos/4ccc9bc2_033_clip_003_0014_0021_N.mp4,"Trong video, bảng chỉ dẫn 3 hướng giao thông chính, đúng hay sai?",Đúng,Sai,,,,,,,,
train_0606,4ccc9bc2_033_clip_003_0014_0021_N,/workspace/RoadBuddy/data/train/videos/4ccc9bc2_033_clip_003_0014_0021_N.mp4,"Trong video, phương tiện nào bị cấm lưu thông?",Xe tải,Xe kéo rơ-moóc,Xe khách,Xe sơ-mi rơ-moóc,,,,,,
train_0613,aff8754d_442_clip_006_0036_0046_N,/workspace/RoadBuddy/data/train/videos/aff8754d_442_clip_006_0036_0046_N.mp4,"Trong video, làn đường xe đang chạy có thể rẽ trái không?",Có,Không,,,,,,,,
train_0614,aff8754d_442_clip_006_0036_0046_N,/workspace/RoadBuddy/data/train/videos/aff8754d_442_clip_006_0036_0046_N.mp4,"Trong video, tại ngã ba có bao nhiêu nhóm biển báo?",2,3,4,5,,,,,,
train_0615,aff8754d_442_clip_006_0036_0046_N,/workspace/RoadBuddy/data/train/videos/aff8754d_442_clip_006_0036_0046_N.mp4,Nội dung của 2 biển báo cấm và nguy hiểm trong video là gì?,"Cấm đỗ xe, giao nhau với đường hai chiều","Cấm đỗ xe, đường hai chiều","Cấm dừng đỗ xe, giao nhau với đường hai chiều","Cấm dừng đỗ xe, đường hai chiều",,,,,,
train_0625,4f76e388_442_clip_002_0007_0016_N,/workspace/RoadBuddy/data/train/videos/4f76e388_442_clip_002_0007_0016_N.mp4,"Trong video, biển báo dành cho đoạn đường xe đang chạy đúng không?",Đúng,Sai,,,,,,,,
train_0626,4f76e388_442_clip_002_0007_0016_N,/workspace/RoadBuddy/data/train/videos/4f76e388_442_clip_002_0007_0016_N.mp4,Biển báo xuất hiện trong video thuộc nhóm biển báo gì?,Biển hiệu lệnh,Biển báo nguy hiểm,Biển báo cấm,Biển chỉ dẫn,,,,,,
train_0644,343ada2a_442_clip_008_0055_0060_N,/workspace/RoadBuddy/data/train/videos/343ada2a_442_clip_008_0055_0060_N.mp4,"Trong video, 2 biển báo trên dài phân cách có ý nghĩa gì?",Cấm đi ngược chiều,"Cấm đi ngược chiều, hướng phải đi vòng sang phải","Cấm đi ngược chiều, hướng phải đi vòng sang phải, và quay đầu","Cấm đi ngược chiều, làn rẽ phải, và quay đầu",,,,,,
train_0645,343ada2a_442_clip_008_0055_0060_N,/workspace/RoadBuddy/data/train/videos/343ada2a_442_clip_008_0055_0060_N.mp4,"Trong video, loại biển báo nào không xuất hiện?",Biển cấm,Biển chỉ dẫn,Biển hiệu lệnh,Biển báo phụ,,,,,,
train_0646,343ada2a_442_clip_008_0055_0060_N,/workspace/RoadBuddy/data/train/videos/343ada2a_442_clip_008_0055_0060_N.mp4,"Trong video, biển hiệu lệnh cho riêng phương tiện ô tô theo hướng phải đi vòng sang phải, đúng hay sai?",Đúng,Sai,,,,,,,,
train_0674,ceb81f9d_129_clip_001_0000_0006_N,/workspace/RoadBuddy/data/train/videos/ceb81f9d_129_clip_001_0000_0006_N.mp4,"Biển báo bên phải đường trong video là biển báo cấm người đi bộ, đúng hay sai?",Đúng,Sai,,,,,,,,
train_0675,ceb81f9d_129_clip_001_0000_0006_N,/workspace/RoadBuddy/data/train/videos/ceb81f9d_129_clip_001_0000_0006_N.mp4,Trong video biển báo bên phải đường là cấm loại phương tiện nào?,Cấm xe tải,Cấm xe container,Cấm ô tô kéo móoc,Cấm máy kéo,,,,,,
train_0680,a911d192_129_clip_007_0045_0052_N,/workspace/RoadBuddy/data/train/videos/a911d192_129_clip_007_0045_0052_N.mp4,Trong video có bao nhiêu nhóm biển báo khác nhau?,2,3,4,5,,,,,,
train_0681,a911d192_129_clip_007_0045_0052_N,/workspace/RoadBuddy/data/train/videos/a911d192_129_clip_007_0045_0052_N.mp4,Trong video có xuất hiện biển báo hiệu lệnh không?,Có,Không,,,,,,,,
train_0682,a911d192_129_clip_007_0045_0052_N,/workspace/RoadBuddy/data/train/videos/a911d192_129_clip_007_0045_0052_N.mp4,Những loại biển báo nào xuất hiện trong video?,"Biển báo cấm, biển cảnh báo nguy hiểm","Biển báo cấm, biển cảnh báo nguy hiểm, biển chỉ dẫn","Biển báo cấm, biển cảnh báo nguy hiểm, biển chỉ dẫn, biển báo phụ","Biển báo cấm, biển báo phụ, biển cảnh báo nguy hiểm",,,,,,
train_0685,87fa841a_129_clip_002_0005_0013_N,/workspace/RoadBuddy/data/train/videos/87fa841a_129_clip_002_0005_0013_N.mp4,Biển báo nền xanh trong video thuộc nhóm biển báo nào?,Biển hiệu lệnh,Biển chỉ dẫn,Biển phụ,Biển cấm,,,,,,
train_0686,87fa841a_129_clip_002_0005_0013_N,/workspace/RoadBuddy/data/train/videos/87fa841a_129_clip_002_0005_0013_N.mp4,"Trong video, sau khi vượt qua xe tải, xe đang chạy có thể chuyển làn sang bên phải không?",Có,Không,,,,,,,,
train_0696,59970043_129_clip_002_0008_0017_N,/workspace/RoadBuddy/data/train/videos/59970043_129_clip_002_0008_0017_N.mp4,"Trong video, loại phương tiện quy định cấm rẽ trái?",Xe tải,Xe kéo rơ-moóc,Xe khách,Xe sơ-mi rơ-moóc,,,,,,
train_0697,59970043_129_clip_002_0008_0017_N,/workspace/RoadBuddy/data/train/videos/59970043_129_clip_002_0008_0017_N.mp4,"Trong video, tuyến đường có quy định loại phương tiện cấm rẽ trái trong khung giờ quy định, đúng hay sai?",Đúng,Sai,,,,,,,,
train_0698,59970043_129_clip_002_0008_0017_N,/workspace/RoadBuddy/data/train/videos/59970043_129_clip_002_0008_0017_N.mp4,"Trong video, có các loại biển báo nào?",Biển chỉ dẫn,"Biển chỉ dẫn, biển cấm","Biển chỉ dẫn, biển cấm, biển báo phụ","Biển chỉ dẫn, biển cấm, biển báo phụ, biển hiệu lệnh",,,,,,
train_0731,663f1c97_129_clip_004_0025_0034_N,/workspace/RoadBuddy/data/train/videos/663f1c97_129_clip_004_0025_0034_N.mp4,"Trong video, xe con có thể di chuyển ở tất cả làn đường đúng không?",Đúng,Không,,,,,,,,
train_0732,663f1c97_129_clip_004_0025_0034_N,/workspace/RoadBuddy/data/train/videos/663f1c97_129_clip_004_0025_0034_N.mp4,"Trong video, những biển báo cấm và nguy hiểm nào xuất hiện? Chọn đáp án đúng và đầy đủ nhất.","Biển cảnh báo giới hạn chiều cao, biển tốc độ 60, biển cấm dừng đỗ, biển cấm xe tải, biển báo đường bị hẹp, biển báo đi chậm, biển cấm xe 2 và 3 bánh","Biển cảnh báo giới hạn chiều cao, biển tốc độ 60 và 80, biển cấm đỗ, biển cấm xe tải, biển báo đường bị hẹp, biển báo đi chậm, biển cấm xe 2 và 3 bánh","Biển cảnh báo giới hạn chiều cao, biển tốc độ 80, biển cấm dừng đỗ, biển cấm xe tải, biển cảnh báo đi chậm, biển báo đường trơn trượt, biển cấm xe 2 và 3 bánh","Biển cảnh báo giới hạn chiều cao, biển tốc độ 60 và 80, biển cấm dừng đỗ, biển cấm xe tải, biển báo đường bị hẹp, biển cảnh báo đi chậm, biển cấm xe 2 và 3 bánh",,,,,,
train_0733,663f1c97_129_clip_004_0025_0034_N,/workspace/RoadBuddy/data/train/videos/663f1c97_129_clip_004_0025_0034_N.mp4,"Trong video, biển cảnh báo giới hạn chiều cao báo hiệu mức giới hạn bao nhiêu mét?","3,5 m","4,6 m","4,5 m","5,0 m",,,,,,
train_0739,45ff2c83_129_clip_002_0010_0019_N,/workspace/RoadBuddy/data/train/videos/45ff2c83_129_clip_002_0010_0019_N.mp4,"Trong video này, theo biển báo chỉ dẫn treo trên cao, các phương tiện trong làn đường hiện tại phải tuân thủ hướng đi nào?","Chỉ được phép đi thẳng hoặc rẽ trái, không được rẽ phải.",Chỉ được phép đi thẳng.,Được phép rẽ trái.,Được phép đi thẳng hoặc rẽ phải.,,,,,,
train_0740,45ff2c83_129_clip_002_0010_0019_N,/workspace/RoadBuddy/data/train/videos/45ff2c83_129_clip_002_0010_0019_N.mp4,"Trong video, phương tiện được đi những hướng chính nào sau nút giao?",Đi thẳng,Rẽ trái,Rẽ phải,Tất cả đều đúng,,,,,,
train_0741,45ff2c83_129_clip_002_0010_0019_N,/workspace/RoadBuddy/data/train/videos/45ff2c83_129_clip_002_0010_0019_N.mp4,"Trong video, phương tiện có được rẽ phải tại nút giao không?",Có,Không,,,,,,,,
train_0765,f43ba052_305_clip_002_0005_0013_N,/workspace/RoadBuddy/data/train/videos/f43ba052_305_clip_002_0005_0013_N.mp4,Có xuất hiện biển báo cấm trong video không?,Có,Không,,,,,,,,
train_0781,f945f2fd_305_clip_001_0000_0010_N,/workspace/RoadBuddy/data/train/videos/f945f2fd_305_clip_001_0000_0010_N.mp4,"Trong video này, dựa vào biển báo có bao nhiêu làn xe được phép rẽ trái?",1,2,3,4,,,,,,
train_0782,f945f2fd_305_clip_001_0000_0010_N,/workspace/RoadBuddy/data/train/videos/f945f2fd_305_clip_001_0000_0010_N.mp4,"Trong video này, dựa vào biển báo có bao nhiêu làn xe được phép đi thẳng?",3,4,5,6,,,,,,
train_0787,49e2623d_305_clip_004_0026_0036_N,/workspace/RoadBuddy/data/train/videos/49e2623d_305_clip_004_0026_0036_N.mp4,Những loại biển báo nào xuất hiện trong video?,"Biển cảnh báo, biển phụ","Biển cảnh báo, biển phụ, biển cấm","Biển cảnh báo, biển phụ, biển cấm, biển chỉ dẫn",Chỉ có biển cảnh báo,,,,,,
train_0788,49e2623d_305_clip_004_0026_0036_N,/workspace/RoadBuddy/data/train/videos/49e2623d_305_clip_004_0026_0036_N.mp4,"Trong video, tốc độ tối đa cho phép là bao nhiêu?",50Km/h,60Km/h,70Km/h,80Km/h,,,,,,
train_0789,c38c1dec_305_clip_005_0036_0044_N,/workspace/RoadBuddy/data/train/videos/c38c1dec_305_clip_005_0036_0044_N.mp4,"Trong video, xe con có được dừng xe ở đoạn đường đang đi không?",Có,Không,,,,,,,,
train_0790,c38c1dec_305_clip_005_0036_0044_N,/workspace/RoadBuddy/data/train/videos/c38c1dec_305_clip_005_0036_0044_N.mp4,"Trong video, tốc độ tối đa được phép quy định là bao nhiêu?",40km/h,60km/h,50km/h,80km/h,,,,,,
train_0810,af42e12f_554_clip_001_0000_0005_N,/workspace/RoadBuddy/data/train/videos/af42e12f_554_clip_001_0000_0005_N.mp4,Những loại biển báo nào xuất hiện trong video?,"Biển cấm, biển chỉ dẫn","Biển cấm, biển chỉ dẫn, biển báo phụ","Biển cấm, biển chỉ dẫn, biển báo phụ, biển cảnh báo","Biển cấm, biển chỉ dẫn, biển cảnh báo",,,,,,
train_0811,af42e12f_554_clip_001_0000_0005_N,/workspace/RoadBuddy/data/train/videos/af42e12f_554_clip_001_0000_0005_N.mp4,Biển chỉ dẫn bao nhiêu hướng đi chính trong video?,2,3,4,Chỉ một hướng đi thẳng,,,,,,
train_0812,af42e12f_554_clip_001_0000_0005_N,/workspace/RoadBuddy/data/train/videos/af42e12f_554_clip_001_0000_0005_N.mp4,"Trong video, biển cấm rẽ trái cho phương tiện xe mô tô, đúng hay sai?",Đúng,Sai,,,,,,,,
train_0816,9be578c7_554_clip_003_0014_0022_N,/workspace/RoadBuddy/data/train/videos/9be578c7_554_clip_003_0014_0022_N.mp4,Những biển báo nào xuất hiện trong video?,"Biển tốc độ tối đa 60km/h, biển cấm dừng đỗ","Biển tốc độ tối đa 60km/h, biển cấm dừng đỗ, biển cấm đi ngược chiều","Biển cấm dừng đỗ, biển cấm đi ngược chiều",Chỉ có biển tốc độ tối đa 60km/h,,,,,,
train_0817,9be578c7_554_clip_003_0014_0022_N,/workspace/RoadBuddy/data/train/videos/9be578c7_554_clip_003_0014_0022_N.mp4,"Trong video, có bao nhiêu loại biển báo?",2,3,4,Chỉ 1,,,,,,
train_0818,9be578c7_554_clip_003_0014_0022_N,/workspace/RoadBuddy/data/train/videos/9be578c7_554_clip_003_0014_0022_N.mp4,"Trong video, có biển báo cấm đỗ không?",Có,Không,,,,,,,,
train_0830,9b4e164b_554_clip_001_0000_0005_N,/workspace/RoadBuddy/data/train/videos/9b4e164b_554_clip_001_0000_0005_N.mp4,Những biển báo nào xuất hiện trong video?,"Biển tốc độ tối đa 60km/h, biển cấm dừng đỗ","Biển tốc độ tối đa 60km/h, biển cấm dừng đỗ, biển cấm phương tiện quy định lưu thông","Biển tốc độ tối đa 60km/h, biển cấm phương tiện quy định lưu thông",Chỉ có biển tốc độ tối đa 60km/h,,,,,,
train_0831,9b4e164b_554_clip_001_0000_0005_N,/workspace/RoadBuddy/data/train/videos/9b4e164b_554_clip_001_0000_0005_N.mp4,"Trong video, có biển báo phụ không?",Có,Không,,,,,,,,
train_0832,9b4e164b_554_clip_001_0000_0005_N,/workspace/RoadBuddy/data/train/videos/9b4e164b_554_clip_001_0000_0005_N.mp4,"Trong video, biển tam giác bên trái là gì?",Biển cấm tụ tập,Biển cảnh báo gió lớn,Biển cảnh báo đường cáp điện phía trước,Biển cảnh báo khu vực trụ điện cao thế phía trước,,,,,,
train_0842,f8102383_554_clip_003_0011_0016_N,/workspace/RoadBuddy/data/train/videos/f8102383_554_clip_003_0011_0016_N.mp4,"Trong video, bảng chỉ dẫn về đường hầm sông Sài Gòn đi theo hướng nào?",Rẽ trái,Rẽ Phải,Rẽ phải ở ngã ba thứ 2,Đi thẳng,,,,,,
train_0843,f8102383_554_clip_003_0011_0016_N,/workspace/RoadBuddy/data/train/videos/f8102383_554_clip_003_0011_0016_N.mp4,"Trong video, có thiết bị camera giám sát giao thông không?",Có,Không,,,,,,,,
train_0858,bf5ae7e6_034_clip_005_0030_0037_Y,/workspace/RoadBuddy/data/train/videos/bf5ae7e6_034_clip_005_0030_0037_Y.mp4,"Trong video, biển báo tam giác là gì?",Cảnh báo có công trình,Cảnh báo đường xuống cấp,Cảnh báo đường có gồ giảm tốc,Cảnh báo đường thường xuyên xảy ra tai nạn,,,,,,
train_0859,bf5ae7e6_034_clip_005_0030_0037_Y,/workspace/RoadBuddy/data/train/videos/bf5ae7e6_034_clip_005_0030_0037_Y.mp4,2 biển báo xuất hiện đầu tiên trong video có ý nghĩa gì?,Cảnh báo đường thường xuyên xảy ra tai nạn với người đi bộ cắt ngang,"Cảnh báo đường xuống cấp, và chỉ dẫn nơi qua đường cho người đi bộ","Cảnh báo đường trơn, cảnh báo đường có gồ giảm tốc",Cảnh báo đường có gồ giảm tố,,,,,,
train_0864,dbccc477_034_clip_006_0047_0055_Y,/workspace/RoadBuddy/data/train/videos/dbccc477_034_clip_006_0047_0055_Y.mp4,Biển báo đầu tiên bên phải là gì?,Biển hiệu lệnh nơi người đi bộ xuống cầu,Biển chỉ dẫn dùng cầu vượt qua đường,Biển chỉ dẫn nơi đi bộ ưu tiên,Biển hiệu nhường đường cho người đi bộ qua cầu,,,,,,
train_0865,dbccc477_034_clip_006_0047_0055_Y,/workspace/RoadBuddy/data/train/videos/dbccc477_034_clip_006_0047_0055_Y.mp4,Những loại biển báo nào xuất hiện trong video?,"Biển cấm, biển hiệu lệnh","Biển cấm, biển hiệu lệnh, biển phụ","Biển cấm, biển hiệu lệnh, biển phụ, biển chỉ dẫn","Biển cấm, biển chỉ dẫn",,,,,,
train_0866,b47a1c5b_034_clip_004_0020_0029_Y,/workspace/RoadBuddy/data/train/videos/b47a1c5b_034_clip_004_0020_0029_Y.mp4,Biển báo cấm bên phải trong video có ý nghĩa gì?,Cấm đỗ xe cho mọi phương tiện,Cấm dừng đỗ xe cho xe ô tô trong khung giờ quy định,Cấm dừng đỗ xe cho mọi phương tiện trong khung giờ quy định,Cấm đỗ xe cho xe ô tô trong khung giờ quy định,,,,,,
train_0867,b47a1c5b_034_clip_004_0020_0029_Y,/workspace/RoadBuddy/data/train/videos/b47a1c5b_034_clip_004_0020_0029_Y.mp4,Loại xe nào có quy định trong bảng phân chia làn?,"Ô tô, xe mô tô","Ô tô, xe mô tô, xe ba bánh","Ô tô, xe mô tô, xe ba bánh, xe con","Ô tô, xe mô tô, xe con",,,,,,
train_0912,1c221cea_545_clip_008_0047_0052_Y,/workspace/RoadBuddy/data/train/videos/1c221cea_545_clip_008_0047_0052_Y.mp4,"Trên làn đường mà các phương tiện đang di chuyển trong video, xuất hiện những loại biển báo nào?",Biển chỉ dẫn,"Biển cấm, biển chỉ dẫn","Biển cấm, biển nguy hiểm, biển chỉ dẫn",Biển cấm và biển phụ,,,,,,
train_0913,1c221cea_545_clip_008_0047_0052_Y,/workspace/RoadBuddy/data/train/videos/1c221cea_545_clip_008_0047_0052_Y.mp4,"Ở làn đường ô tô đang di chuyển trong video, có những biển báo nào xuất hiện?",Biển cấm dừng,Biển cấm loại xe tải,Biển chỉ dẫn đường một chiều,Biển cấm đỗ và biển cấm loại xe lưu thông,,,,,,
train_0914,a01ac992_545_clip_001_0000_0007_Y,/workspace/RoadBuddy/data/train/videos/a01ac992_545_clip_001_0000_0007_Y.mp4,"Trong video, các loại biển báo xuất hiện gồm những loại nào?",Biển chỉ dẫn,"Biển cấm, biển chỉ dẫn","Biển cấm, biển nguy hiểm, biển chỉ dẫn","Biển báo nguy hiểm, biển phụ",,,,,,
train_0915,a01ac992_545_clip_001_0000_0007_Y,/workspace/RoadBuddy/data/train/videos/a01ac992_545_clip_001_0000_0007_Y.mp4,Cụm biển báo nguy hiểm trong video yêu cầu phương tiện thực hiện điều gì?,Đi chậm và chú ý quan sát,Dừng xe hoàn toàn trước biển,Tăng tốc để nhanh qua khu vực nguy hiểm,Rẽ phải ngay lập tức và tránh khu vực,,,,,,
train_0916,bf7b539b_545_clip_002_0007_0015_Y,/workspace/RoadBuddy/data/train/videos/bf7b539b_545_clip_002_0007_0015_Y.mp4,Cụm biển báo cấm xuất hiện trong video yêu cầu phương tiện tuân thủ những hướng nào?,Chỉ đi thẳng,"Rẽ phải, đi thẳng","Rẽ phải, quay đầu","Cấm rẽ trái, cấm quay đầu",,,,,,
train_0917,bf7b539b_545_clip_002_0007_0015_Y,/workspace/RoadBuddy/data/train/videos/bf7b539b_545_clip_002_0007_0015_Y.mp4,Cụm biển báo cấm trong video thể hiện điều gì?,Cấm loại phương tiện cụ thể đi theo hướng trong thời gian quy định,Cấm tất cả các phương tiện đi theo hướng bất kỳ,Chỉ được phép đi theo hướng ngược lại,Được phép đi theo hướng được chỉ dẫn nếu không gây cản trở,,,,,,
train_0933,8fc9c86b_495_clip_006_0038_0045_Y,/workspace/RoadBuddy/data/train/videos/8fc9c86b_495_clip_006_0038_0045_Y.mp4,"Trong video, có bao nhiêu biển báo cấm đi ngược chiều xuất hiện?",3,2,4,1,,,,,,
train_0934,8fc9c86b_495_clip_006_0038_0045_Y,/workspace/RoadBuddy/data/train/videos/8fc9c86b_495_clip_006_0038_0045_Y.mp4,Biển hiệu lệnh ở cuối video yêu cầu phương tiện đi về phía nào?,Chỉ đi bên trái,Chỉ đi bên phải,Cả đi bên trái và bên phải,Không được rẽ,,,,,,
train_0943,8a476a87_495_clip_004_0027_0032_Y,/workspace/RoadBuddy/data/train/videos/8a476a87_495_clip_004_0027_0032_Y.mp4,Biển tam giác xuất hiện trong video có ý nghĩa gì?,Cảnh báo đường trơn,Cảnh báo đoạn đường hẹp,Cảnh báo phải đi chậm,Cảnh báo giao nhau với đường ưu tiên,,,,,,
train_0944,8a476a87_495_clip_004_0027_0032_Y,/workspace/RoadBuddy/data/train/videos/8a476a87_495_clip_004_0027_0032_Y.mp4,Những biển báo nào xuất hiện trong video?,"Biển hiệu lệnh hướng phải đi vòng sang phải, cấm đỗ, chú ý đi chậm, chú ý quan sát","Biển hiệu lệnh hướng phải đi vòng sang trái, cấm đỗ, chú ý đi chậm, chú ý quan sát","Biển hiệu lệnh hướng phải đi vòng sang phải, cấm dừng, chú ý đi chậm, chú ý quan sát","Biển hiệu lệnh hướng phải đi vòng sang phải, cấm đỗ, chú ý đường trơn, chú ý quan sát",,,,,,
train_0949,cae28e66_495_clip_002_0005_0011_Y,/workspace/RoadBuddy/data/train/videos/cae28e66_495_clip_002_0005_0011_Y.mp4,Có bao nhiêu biển báo xuất hiện trong video?,1 biển,2 biển,3 biển,4 biển,,,,,,
train_0950,cae28e66_495_clip_002_0005_0011_Y,/workspace/RoadBuddy/data/train/videos/cae28e66_495_clip_002_0005_0011_Y.mp4,Biển cấm nào xuất hiện trong video?,Cấm dừng đỗ,Cấm rẽ trái,Cấm đỗ,Cấm đi ngược chiều,,,,,,
train_0951,d46b415d_495_clip_006_0027_0032_Y,/workspace/RoadBuddy/data/train/videos/d46b415d_495_clip_006_0027_0032_Y.mp4,Biển chỉ dẫn trong video cho phép phương tiện đi theo hướng nào?,Quay đầu,Rẽ phải,Rẽ trái,Đi thẳng,,,,,,
train_0952,d46b415d_495_clip_006_0027_0032_Y,/workspace/RoadBuddy/data/train/videos/d46b415d_495_clip_006_0027_0032_Y.mp4,Biển cấm nào xuất hiện trong video?,Cấm dừng đỗ,Cấm đỗ,Cấm đi ngược chiều,Cấm ô tô tải,,,,,,
train_0959,2784378f_495_clip_001_0000_0010_Y,/workspace/RoadBuddy/data/train/videos/2784378f_495_clip_001_0000_0010_Y.mp4,Loại phương tiện nào không quy định trong bảng phân chia làn?,Xe tải,Xe ba bánh,Xe buýt điện,Xe khách,,,,,,
train_0960,2784378f_495_clip_001_0000_0010_Y,/workspace/RoadBuddy/data/train/videos/2784378f_495_clip_001_0000_0010_Y.mp4,Loại xe nào có quy định trong bảng phân chia làn?,Xe sơ-mi rơ-moó,Xe sơ-mi rơ-moó,Xe sơ-mi rơ-moó,Xe sơ-mi rơ-moó,,,,,,
train_0969,bee3eb79_495_clip_002_0009_0019_Y,/workspace/RoadBuddy/data/train/videos/bee3eb79_495_clip_002_0009_0019_Y.mp4,Những loại biển báo nào xuất hiện trong video?,"Biển chỉ dẫn, biển báo phụ","Biển chỉ dẫn, biển báo phụ, biển cấm","Biển báo phụ, biển cấm, biển cảnh báo","Biển chỉ dẫn, biển cấm, biển cảnh báo",,,,,,
train_0970,bee3eb79_495_clip_002_0009_0019_Y,/workspace/RoadBuddy/data/train/videos/bee3eb79_495_clip_002_0009_0019_Y.mp4,Loại phương tiện nào quy định tốc độ tối đa 40 km/h?,"Xe tải, xe kéo rơ-moóc","Xe buýt điện, xe kéo rơ-moóc","Xe tải, xe sơ-mi rơ-moóc","Xe khách, xe sơ-mi rơ-moóc",,,,,,
train_0991,4774bc58_401_clip_004_0021_0028_Y,/workspace/RoadBuddy/data/train/videos/4774bc58_401_clip_004_0021_0028_Y.mp4,Những loại biển báo nào xuất hiện trong video?,"Biển chỉ dẫn, biển báo phụ","Biển chỉ dẫn, biển báo phụ, biển hiệu lệnh","Biển chỉ dẫn, biển báo phụ, biển hiệu lệnh, biển cảnh báo","Biển chỉ dẫn, biển báo phụ, biển hiệu lệnh, biển cảnh báo, biển cấm",,,,,,
train_0992,4774bc58_401_clip_004_0021_0028_Y,/workspace/RoadBuddy/data/train/videos/4774bc58_401_clip_004_0021_0028_Y.mp4,Loại biển báo nào không xuất hiện trong video?,Biển chỉ dẫn,Biển báo phụ,Biển hiệu lệnh,Tất cả loại biển báo đều xuất hiện,,,,,,
train_1003,692e07b6_401_clip_005_0032_0041_Y,/workspace/RoadBuddy/data/train/videos/692e07b6_401_clip_005_0032_0041_Y.mp4,Biển cấm trong video cấm điều gì?,Cấm rẽ trái,Cấm dừng xe quá 5 phút,Cấm vượt,Cấm đi ngược chiều,,,,,,
train_1004,692e07b6_401_clip_005_0032_0041_Y,/workspace/RoadBuddy/data/train/videos/692e07b6_401_clip_005_0032_0041_Y.mp4,Có bao nhiêu biển cảnh báo xuất hiện trong video?,1 biển,2 biển,3 biển,4 biển,,,,,,
train_1007,a2bb522b_401_clip_005_0026_0036_Y,/workspace/RoadBuddy/data/train/videos/a2bb522b_401_clip_005_0026_0036_Y.mp4,Chiều cao tối đa cho phép theo biển báo trong video là bao nhiêu?,"2,5 m","2,8 m","3,0 m","3,5 m",,,,,,
train_1008,a2bb522b_401_clip_005_0026_0036_Y,/workspace/RoadBuddy/data/train/videos/a2bb522b_401_clip_005_0026_0036_Y.mp4,Có bao nhiêu loại phương tiện bị cấm theo biển báo trong video?,2 phương tiện,3 phương tiện,4 phương tiện,5 phương tiện,,,,,,
train_1015,5e70f65f_401_clip_007_0045_0055_Y,/workspace/RoadBuddy/data/train/videos/5e70f65f_401_clip_007_0045_0055_Y.mp4,Biển cấm nào xuất hiện bên phải trong video?,Cấm đỗ,Cấm đi ngược chiều,Cấm quay đầu,Cấm vượt,,,,,,
train_1016,5e70f65f_401_clip_007_0045_0055_Y,/workspace/RoadBuddy/data/train/videos/5e70f65f_401_clip_007_0045_0055_Y.mp4,Biển cấm nào xuất hiện bên trái trong video?,Cấm đỗ,Cấm đi ngược chiều,Cấm rẽ trái,Cấm quay đầu,,,,,,
train_1038,f8b38a8b_340_clip_004_0017_0023_Y,/workspace/RoadBuddy/data/train/videos/f8b38a8b_340_clip_004_0017_0023_Y.mp4,Làn đường phương tiện đang di chuyển trong video có giới hạn tốc độ là bao nhiêu?,40 km/h,45 km/h,50 km/h,60 km/h,,,,,,
train_1039,f8b38a8b_340_clip_004_0017_0023_Y,/workspace/RoadBuddy/data/train/videos/f8b38a8b_340_clip_004_0017_0023_Y.mp4,Trên làn đường phương tiện đang di chuyển trong video có những quy định nào?,Cấm quay đầu,"Cấm loại xe cụ thể lưu thông, cấm rẽ trái","Giới hạn tốc độ, cấm loại xe cụ thể lưu thông","Cấm loại xe cụ thể lưu thông, giới hạn tốc độ, cầm rẽ phải",,,,,,
train_1044,a65bb1f2_340_clip_008_0049_0060_Y,/workspace/RoadBuddy/data/train/videos/a65bb1f2_340_clip_008_0049_0060_Y.mp4,Các vạch kẻ đường trên tuyến đường phương tiện đang di chuyển trong video có ý nghĩa gì?,Vạch sang đường cho người đi bộ,"Vạch phân chia dòng, làn và nơi được phép đè lên vạch","Vạch phân chia dòng, làn và nơi cấm đè lên vạch",Tất cả đều đúng,,,,,,
train_1048,f76c8ede_340_clip_004_0022_0032_Y,/workspace/RoadBuddy/data/train/videos/f76c8ede_340_clip_004_0022_0032_Y.mp4,"Trong video, làn đường bên phải dải phân cách giới hạn tốc độ cho loại xe nào?",Xe máy,"Xe máy, xe con","Xe máy, xe con, xe khách",Tất cả loại xe,,,,,,
train_1049,f76c8ede_340_clip_004_0022_0032_Y,/workspace/RoadBuddy/data/train/videos/f76c8ede_340_clip_004_0022_0032_Y.mp4,Giới hạn tốc độ tại làn đường hiện tại phương tiện đang di chuyển trong video là bao nhiêu?,40 km/h,45 km/h,50 km/h,60 km/h,,,,,,
train_1052,b24445a7_340_clip_006_0037_0043_Y,/workspace/RoadBuddy/data/train/videos/b24445a7_340_clip_006_0037_0043_Y.mp4,"Trong video, khi đi thẳng, phương tiện sẽ đi vào đường nào sau đây?",Trần Hưng Đạo,Mai Chí Thọ,Nguyễn Văn Cừ,Điện Biên Phủ,,,,,,
train_1053,b24445a7_340_clip_006_0037_0043_Y,/workspace/RoadBuddy/data/train/videos/b24445a7_340_clip_006_0037_0043_Y.mp4,"Tại ngã tư trong video, phương tiện có thể di chuyển theo những hướng nào?",Quay đầu,"Đi thẳng, quay đầu","Đi thẳng, rẽ trái, rẽ phải","Đi thẳng, rẽ trái, rẽ phải, quay đầu",,,,,,
train_1069,02ed73ce_340_clip_007_0044_0053_Y,/workspace/RoadBuddy/data/train/videos/02ed73ce_340_clip_007_0044_0053_Y.mp4,"Theo thông tin các biển báo giao thông trong video, người tham gia giao thông nên lưu ý những gì?","Đường trơn, đi chậm","Giao nhau với đường sắt, chú ý quan sát","Ngã tư có tín hiệu đèn, đi thẳng và rẽ phải","Khúc cua nguy hiểm, đi chậm, chú ý quan sát, đoạn đường hay xảy ra tai nạn",,,,,,
train_1070,02ed73ce_340_clip_007_0044_0053_Y,/workspace/RoadBuddy/data/train/videos/02ed73ce_340_clip_007_0044_0053_Y.mp4,Xuất hiện biển báo nào sau đây trong video?,Biển cảnh báo đi chậm,Biển cấm rẽ trái,Biển chỉ dẫn đường một chiều,Biển cấm đỗ,,,,,,
train_1072,12738a23_340_clip_009_0055_0060_Y,/workspace/RoadBuddy/data/train/videos/12738a23_340_clip_009_0055_0060_Y.mp4,Biển báo trong video thuộc nhóm biển báo nào?,Biển chỉ dẫn,Biển hiệu lệnh,Biển báo nguy hiểm,Biển báo cấm,,,,,,
train_1088,74f93d17_238_clip_002_0006_0015_Y,/workspace/RoadBuddy/data/train/videos/74f93d17_238_clip_002_0006_0015_Y.mp4,"Trong video, làn đường xe đang chạy cấm bao nhiêu loại phương tiện?",2,3,4,5,,,,,,
train_1089,74f93d17_238_clip_002_0006_0015_Y,/workspace/RoadBuddy/data/train/videos/74f93d17_238_clip_002_0006_0015_Y.mp4,Liệt kê các loại phương tiện bị cấm di chuyển ở làn đường xe đang chạy trong video?,"Xe tải trên 2,5 tấn, xe tải từ 2,5 tấn trở xuống, xe khách, xe lam, xe xích lô","Xe tải trên 2,5 tấn, xe tải, xe khách giường nằm, xe lam, xe xích lô","Xe tải trên 2,5 tấn, xe tải từ 2,5 tấn trở xuống, xe khách giường nằm, xe lam, xe xích lô","Xe tải trên 2,5 tấn, xe tải từ, xe khách, xe lam, xe xích lô",,,,,,
train_1094,3c4b1eec_238_clip_009_0054_0060_Y,/workspace/RoadBuddy/data/train/videos/3c4b1eec_238_clip_009_0054_0060_Y.mp4,Những loại biển báo nào xuất hiện trong video?,"Biển cấm, biển cảnh báo","Biển cấm, biển cảnh báo, biển hiệu lệnh","Biển cấm, biển hiệu lệnh",Chỉ có biển cấm,,,,,,
train_1095,3c4b1eec_238_clip_009_0054_0060_Y,/workspace/RoadBuddy/data/train/videos/3c4b1eec_238_clip_009_0054_0060_Y.mp4,Đoạn đường trong video quy định chiều ngang xe không được vượt quá bao nhiêu?,5m,"4,6m",4m,Không có thông tin quy định,,,,,,
train_1112,464c04af_238_clip_003_0015_0025_Y,/workspace/RoadBuddy/data/train/videos/464c04af_238_clip_003_0015_0025_Y.mp4,Hai biển báo bên phải là gì?,"Cấm xe tải dưới 2,5 tấn 24/24","Cấm xe tải trên 2,5 tấn từ 6:00-22:00","Cấm xe kéo rơ-moóc trên 2,5 tấn từ 6:00-22:00","Cấm xe kéo rơ-moóc trên 2,5 tấn 24/24",,,,,,
train_1113,464c04af_238_clip_003_0015_0025_Y,/workspace/RoadBuddy/data/train/videos/464c04af_238_clip_003_0015_0025_Y.mp4,Những loại biển báo nào xuất hiện trong video?,"Biển cấm, biển chỉ dẫn","Biển cấm, biển báo phụ, biển chỉ dẫn","Biển cấm, biển báo phụ",Chỉ có biển cấm,,,,,,
train_1118,2cabd7e7_238_clip_001_0000_0005_Y,/workspace/RoadBuddy/data/train/videos/2cabd7e7_238_clip_001_0000_0005_Y.mp4,Những biển báo nào xuất hiện trong video?,"Biển chỉ dẫn đường, biển cấm rẽ trái","Biển chỉ dẫn đường, biển cấm rẽ trái, biển hạn chế chiều cao","Biển chỉ dẫn đường, biển cấm rẽ trái với ô tô, biển hạn chế chiều cao","Biển chỉ dẫn đường, biển cấm rẽ trái với ô tô, biển hạn chế chiều cao trong khung giờ quy định",,,,,,
train_1119,2cabd7e7_238_clip_001_0000_0005_Y,/workspace/RoadBuddy/data/train/videos/2cabd7e7_238_clip_001_0000_0005_Y.mp4,Hướng nào đi về cầu vượt Nguyễn Hữu Cảnh?,Rẽ trái,Đi thẳng,Rẽ phải lối rẽ thứ 2,Rẽ phải lối rẽ đầu tiên,,,,,,
train_1120,83f82f16_238_clip_002_0005_0012_Y,/workspace/RoadBuddy/data/train/videos/83f82f16_238_clip_002_0005_0012_Y.mp4,Giới hạn chiều cao tối đa theo biển báo trong video là bao nhiêu?,"4,5m","4,8m","5,0m","3,8m",,,,,,
train_1121,83f82f16_238_clip_002_0005_0012_Y,/workspace/RoadBuddy/data/train/videos/83f82f16_238_clip_002_0005_0012_Y.mp4,Xe hơi bị cấm làm gì theo biển báo trong video?,Rẽ phải,Rẽ trái,Quay đầu,Dừng đỗ,,,,,,
train_1124,1337739e_238_clip_001_0000_0005_Y,/workspace/RoadBuddy/data/train/videos/1337739e_238_clip_001_0000_0005_Y.mp4,Biển báo nào xuất hiện cuối cùng trong video?,Biển cấm đỗ,Biển khúc ngoặt nguy hiểm,Biển cấm rẽ trái,Biển giới hạn tốc độ,,,,,,
train_1125,1337739e_238_clip_001_0000_0005_Y,/workspace/RoadBuddy/data/train/videos/1337739e_238_clip_001_0000_0005_Y.mp4,Có bao nhiêu biển báo xuất hiện trong video?,2,3,4,5,,,,,,
train_1129,097a1e10_238_clip_006_0034_0040_Y,/workspace/RoadBuddy/data/train/videos/097a1e10_238_clip_006_0034_0040_Y.mp4,Những loại biển báo cấm nào xuất hiện trong video?,"Cấm dừng đỗ, cấm một số phương tiện theo quy định","Cấm dừng đỗ, cấm một số phương tiện theo quy định, cấm vượt mức trọng lượng tối đa","Cấm dừng đỗ, cấm một số phương tiện theo quy định, cấm vượt mức tốc độ tối đa","Cấm dừng đỗ, cấm vượt mức tốc độ tối đa",,,,,,
train_1130,097a1e10_238_clip_006_0034_0040_Y,/workspace/RoadBuddy/data/train/videos/097a1e10_238_clip_006_0034_0040_Y.mp4,Phương tiện nào không có quy định trong bảng phân làn trong video?,Xe con,Xe khách,Xe mô tô,Xe buýt,,,,,,
train_1135,dc1110c1_238_clip_006_0044_0053_Y,/workspace/RoadBuddy/data/train/videos/dc1110c1_238_clip_006_0044_0053_Y.mp4,Phương tiện nào không có quy định trong bảng phân làn trong video?,Xe con,Xe ô tô,Xe mô tô,Xe điện,,,,,,
train_1136,dc1110c1_238_clip_006_0044_0053_Y,/workspace/RoadBuddy/data/train/videos/dc1110c1_238_clip_006_0044_0053_Y.mp4,Những loại biển báo cấm nào xuất hiện trong video?,"Cấm người đi bộ, cấm vượt quá 50 km/h","Cấm người đi bộ, cấm vượt quá 50 km/h, cấm vượt quá chiều ngang xe 4,5m","Cấm người đi bộ, cấm vượt quá 50 km/h, cấm vượt quá chiều ngang xe 4,5m, cấm vượt quá chiều cao xe 4,5m","Cấm người đi bộ, cấm vượt quá 50 km/h, cấm vượt quá chiều cao xe 4,5m",,,,,,
train_1139,5408f9ac_179_clip_001_0000_0007_Y,/workspace/RoadBuddy/data/train/videos/5408f9ac_179_clip_001_0000_0007_Y.mp4,Có tất cả mấy nhóm biển báo khác nhau trong video?,2,3,4,5,,,,,,
train_1140,5408f9ac_179_clip_001_0000_0007_Y,/workspace/RoadBuddy/data/train/videos/5408f9ac_179_clip_001_0000_0007_Y.mp4,Nội dung của 2 biển báo cấm đầu tiên là gì?,"Cấm đỗ xe ngày lẻ, cấm đỗ xe ngày chẵn",Cấm đỗ xe ngày chẵn,"Cấm đỗ xe, cấm đỗ xe ngày lẻ","Cấm dừng đỗ xe, cấm đỗ xe",,,,,,
train_1143,7631de9d_179_clip_005_0029_0035_Y,/workspace/RoadBuddy/data/train/videos/7631de9d_179_clip_005_0029_0035_Y.mp4,Nội dung biển báo nguy hiểm và biển báo cấm là gì?,"Chỗ ngoặt nguy hiểm, cấm quay đầu","Chỗ ngoặt nguy hiểm, cấm xe hơi quay đầu","Chỗ ngoặt nguy hiểm có nguy cơ lật xe, cấm quay đầu","Chỗ ngoặt nguy hiểm có nguy cơ lật xe, cấm xe hơi quay đầu",,,,,,
train_1144,7631de9d_179_clip_005_0029_0035_Y,/workspace/RoadBuddy/data/train/videos/7631de9d_179_clip_005_0029_0035_Y.mp4,Có tất cả mấy nhóm biển báo khác nhau trong video?,2,3,4,5,,,,,,
train_1148,25e97977_179_clip_007_0039_0047_Y,/workspace/RoadBuddy/data/train/videos/25e97977_179_clip_007_0039_0047_Y.mp4,Nội dung biển báo nguy hiểm và biển chỉ dẫn là gì?,Đường có gờ giảm tố,"Đường lồi lõm, nơi người đi bộ sang ngang",Đường có gờ giảm tố,"Đường lồi lõm, đường đi bộ",,,,,,
train_1159,edd96831_179_clip_008_0052_0060_N,/workspace/RoadBuddy/data/train/videos/edd96831_179_clip_008_0052_0060_N.mp4,Biển báo nào xuất hiện đầu tiên trong video?,Biển cấm đỗ,Biển trạm xe buýt,Biển cảnh báo đi chậm,Biển chỉ dẫn hướng đi,,,,,,
train_1160,edd96831_179_clip_008_0052_0060_N,/workspace/RoadBuddy/data/train/videos/edd96831_179_clip_008_0052_0060_N.mp4,Biển báo nào xuất hiện cuối cùng trong video?,Biển cấm dừng đỗ,Biển giới hạn tốc độ,Biển hướng dẫn lộ trình quay đầu xe,Biển cảnh báo đường hẹp,,,,,,
train_1170,cfbe4fe9_179_clip_001_0000_0005_Y,/workspace/RoadBuddy/data/train/videos/cfbe4fe9_179_clip_001_0000_0005_Y.mp4,Biển báo nào sau đây xuất hiện trong video?,Cấm đi ngược chiều,Cấm rẽ trái,Biển hiệu lệnh đi thẳng,Cấm dừng đỗ,,,,,,
train_1173,38ba8abc_179_clip_008_0051_0060_Y,/workspace/RoadBuddy/data/train/videos/38ba8abc_179_clip_008_0051_0060_Y.mp4,Nội dung biển báo trong video là gì?,Cấm rẽ trái,Cấm quay đầu,Cấm rẽ phải,Xe hơi quay đầu,,,,,,
train_1177,23245211_035_clip_008_0051_0060_Y,/workspace/RoadBuddy/data/train/videos/23245211_035_clip_008_0051_0060_Y.mp4,"Trong video này, biển báo ở phía bên phải có ý nghĩa gì?",Cấm dừng và đỗ xe,Cấm đỗ xe,Đường cấm,Cấm rẽ phải,,,,,,
train_1181,a5cb63a2_035_clip_001_0000_0007_Y,/workspace/RoadBuddy/data/train/videos/a5cb63a2_035_clip_001_0000_0007_Y.mp4,"Trong video này, cụm biển báo bên phải đường có ý nghĩa gì?",Báo hiệu phía trước là đoạn đường cong nguy hiểm và các phương tiện chỉ được phép đi thẳng hoặc rẽ phải.,Cấm các phương tiện rẽ trái và cảnh báo đường cong.,Chỉ cảnh báo phía trước có đoạn đường cong nguy hiểm.,Bắt buộc rẽ phải tại nơi đường giao nhau.,,,,,,
train_1184,add702c9_063_clip_003_0017_0024_Y,/workspace/RoadBuddy/data/train/videos/add702c9_063_clip_003_0017_0024_Y.mp4,"Trong video này, xe đang di chuyển dưới công trình giao thông nào?",Cầu Sài Gòn,Cầu Thủ Thiêm,Cầu Khánh Hội,Hầm Thủ Thiêm,,,,,,
train_1188,8ae769ed_183_clip_008_0050_0060_Y,/workspace/RoadBuddy/data/train/videos/8ae769ed_183_clip_008_0050_0060_Y.mp4,"Trong video này, theo vạch kẻ đường, làn đường mà xe đang di chuyển cho phép các phương tiện đi theo những hướng nào?",Chỉ được đi thẳng,Đi thẳng và rẽ phải,Đi thẳng và rẽ trái,Chỉ được rẽ phải,,,,,,
train_1192,bdc14f1f_164_clip_011_0071_0078_Y,/workspace/RoadBuddy/data/train/videos/bdc14f1f_164_clip_011_0071_0078_Y.mp4,"Trong video này, biển báo trên đường cao tốc quy định tốc độ như thế nào?",Tốc độ tối đa 120 km/h và tối thiểu 60 km/h,Chỉ quy định tốc độ tối đa 120 km/h,Tốc độ tối đa 100 km/h và tối thiểu 60 km/h,Chỉ quy định tốc độ tối thiểu 60 km/h,,,,,,
train_1194,a9ab364a_015_clip_016_0103_0112_Y,/workspace/RoadBuddy/data/train/videos/a9ab364a_015_clip_016_0103_0112_Y.mp4,"Trong video này, để đi đến Phan Thiết, người lái xe cần đi theo hướng nào tại nút giao phía trước?",Đi thẳng,Rẽ phải,Rẽ trái,Quay đầu,,,,,,
train_1195,8d03c91e_345_clip_019_0137_0147_Y,/workspace/RoadBuddy/data/train/videos/8d03c91e_345_clip_019_0137_0147_Y.mp4,"Trong video này, các biển báo nào đã xuất hiện ở phía bên trái theo hướng di chuyển của xe?",Biển cấm đi ngược chiều và biển chỉ dẫn hướng đi vòng chướng ngại vật.,Biển cấm đi ngược chiều và biển tốc độ tối thiểu cho phép.,Biển hết hạn chế tốc độ tối thiểu và biển chỉ dẫn hướng đi vòng chướng ngại vật.,Chỉ có biển cấm đi ngược chiều.,,,,,,
train_1196,bd21bc11_461_clip_008_0048_0056_Y,/workspace/RoadBuddy/data/train/videos/bd21bc11_461_clip_008_0048_0056_Y.mp4,"Trong video này, biển báo nguy hiểm cảnh báo điều gì sắp xảy ra?",Sắp đến một đoạn đường cong nguy hiểm về bên phải.,Sắp đến một đoạn đường cong nguy hiểm về bên trái.,Đường trơn trượt.,Giao nhau với đường không ưu tiên.,,,,,,
train_1201,ebc2026f_495_clip_013_0090_0098_N,/workspace/RoadBuddy/data/train/videos/ebc2026f_495_clip_013_0090_0098_N.mp4,"Trong video này, biển báo chính màu vàng có nội dung gì?",Giữ khoảng cách an toàn,"Đi chậm, quan sát",Đường đang thi công,Cấm vượt,,,,,,
train_1205,c35bec2c_240_clip_002_0005_0014_Y,/workspace/RoadBuddy/data/train/videos/c35bec2c_240_clip_002_0005_0014_Y.mp4,"Trong video, theo biển chỉ dẫn, để đi đến TT. Nhơn Trạch, người lái xe cần phải làm gì?",Đi thẳng theo hướng TP. Hồ Chí Minh.,Đi vào lối ra bên phải.,Chuyển sang làn đường bên trái.,Giảm tốc độ và đi sát lề đường.,,,,,,
train_1211,3cb98350_545_clip_020_0148_0158_Y,/workspace/RoadBuddy/data/train/videos/3cb98350_545_clip_020_0148_0158_Y.mp4,"Trong video này, các phương tiện tham gia giao thông trên đoạn đường này phải tuân thủ quy định tốc độ nào?",Tốc độ tối đa 120 km/h.,Tốc độ tối thiểu 60 km/h.,Tốc độ tối đa 120 km/h và tốc độ tối thiểu 60 km/h.,Tốc độ tối đa 60 km/h.,,,,,,
train_1212,f396ea37_545_clip_013_0092_0100_Y,/workspace/RoadBuddy/data/train/videos/f396ea37_545_clip_013_0092_0100_Y.mp4,"Trong video này, tốc độ tối đa cho phép trên đoạn đường này là bao nhiêu?",80 km/h,120 km/h,100 km/h,60 km/h,,,,,,
train_1224,f3ea0184_277_clip_005_0029_0036_Y,/workspace/RoadBuddy/data/train/videos/f3ea0184_277_clip_005_0029_0036_Y.mp4,"Trong video này, các biển báo chỉ dẫn trên cao cho biết đi thẳng sẽ đến những địa điểm nào?",Cầu Phú Mỹ và Đường Lê Khả Phiêu,Cầu Sài Gòn và Đường Lê Thánh Tôn,Chỉ dẫn đến Cầu Phú Mỹ,Hầm Thủ Thiêm và Đường Nguyễn Huệ,,,,,,
train_1225,88476c56_462_clip_008_0053_0062_Y,/workspace/RoadBuddy/data/train/videos/88476c56_462_clip_008_0053_0062_Y.mp4,"Trong video này, đèn tín hiệu giao thông dành cho hướng di chuyển của xe có đặc điểm gì?",Có tín hiệu cho phép rẽ phải khi đèn đỏ,Có đồng hồ đếm ngược thời gian,"Chỉ có đèn xanh và đèn đỏ, không có đèn vàng",Đang ở trạng thái nhấp nháy đèn vàng cảnh báo,,,,,,
train_1232,343ada2a_442_clip_008_0055_0060_N,/workspace/RoadBuddy/data/train/videos/343ada2a_442_clip_008_0055_0060_N.mp4,"Trong video này, những biển báo chính nào xuất hiện trên cùng một cột? Chọn đáp án đúng và đầy đủ nhất.",Biển 'Đường cấm' và biển 'Hướng đi thẳng phải theo',Biển 'Cấm đi ngược chiều' và biển 'Hướng đi thẳng phải theo',Biển 'Đường cấm' và biển 'Đường một chiều',Biển 'Cấm dừng và đỗ xe' và biển 'Hướng đi thẳng phải theo',,,,,,
train_1234,4f76e388_442_clip_002_0007_0016_N,/workspace/RoadBuddy/data/train/videos/4f76e388_442_clip_002_0007_0016_N.mp4,"Trong video này, tài xế xe có camera hành trình có được phép vượt xe phía trước không?","Có, nếu đảm bảo an toàn","Không, vì đây là đoạn đường có vạch kẻ liền màu vàng","Có, vì đường đủ rộng để vượt","Không, vì có xe buýt đang đi tới",,,,,,
train_1243,9be578c7_554_clip_003_0014_0022_N,/workspace/RoadBuddy/data/train/videos/9be578c7_554_clip_003_0014_0022_N.mp4,"Trong video này, tốc độ tối đa cho phép được thể hiện trên mặt đường là bao nhiêu?",50 km/h,60 km/h,40 km/h,Không có thông tin,,,,,,
train_1255,f8b38a8b_340_clip_004_0017_0023_Y,/workspace/RoadBuddy/data/train/videos/f8b38a8b_340_clip_004_0017_0023_Y.mp4,"Trong video, tốc độ tối đa cho phép trên đoạn đường này là bao nhiêu?",40 km/h,50 km/h,60 km/h,Không có biển báo,,,,,,
train_1269,dc1110c1_238_clip_006_0044_0053_Y,/workspace/RoadBuddy/data/train/videos/dc1110c1_238_clip_006_0044_0053_Y.mp4,"Trong video này, tốc độ tối đa cho phép trên đoạn đường là bao nhiêu?",40 km/h,50 km/h,60 km/h,Không có biển báo,,,,,,
train_1274,5dc7b3e6_183_clip_007_0041_0050_Y,/workspace/RoadBuddy/data/train/videos/5dc7b3e6_183_clip_007_0041_0050_Y.mp4,"Trong video này, tại vị trí có biển báo phân làn, xe ô tô (xe có camera hành trình) được phép đi theo những hướng nào?",Đi thẳng và rẽ phải.,Chỉ được đi thẳng.,Đi thẳng và rẽ trái.,Rẽ trái và quay đầu.,,,,,,
train_1276,a974d079_345_clip_001_0000_0009_Y,/workspace/RoadBuddy/data/train/videos/a974d079_345_clip_001_0000_0009_Y.mp4,"Trong video, biển báo cảnh báo nguy hiểm có ý nghĩa gì?",Báo trước sắp đến một chỗ ngoặt nguy hiểm vòng sang bên trái.,Báo hiệu đường bị hẹp về phía bên phải.,Báo trước sắp đến một chỗ ngoặt nguy hiểm vòng sang bên phải.,Báo hiệu sắp giao nhau với đường sắt.,,,,,,
train_1279,45b89cd9_345_clip_010_0064_0073_Y,/workspace/RoadBuddy/data/train/videos/45b89cd9_345_clip_010_0064_0073_Y.mp4,"Trong video này, người lái xe đã gặp những loại biển báo nào?",Biển báo cấm và biển báo nguy hiểm,Biển chỉ dẫn và biển hiệu lệnh,Biển báo nguy hiểm và biển chỉ dẫn,Chỉ có biển chỉ dẫn,,,,,,
train_1282,8d03c91e_345_clip_019_0137_0147_Y,/workspace/RoadBuddy/data/train/videos/8d03c91e_345_clip_019_0137_0147_Y.mp4,"Trong video này, biển báo tốc độ xuất hiện ở phía bên phải có ý nghĩa gì?",Tốc độ tối đa cho phép là 60 km/h.,Tốc độ tối thiểu cho phép là 60 km/h.,Hết đoạn đường quy định tốc độ tối đa.,Cảnh báo đoạn đường thường xuyên có xe chạy chậm.,,,,,,
train_1291,a66fd7f7_015_clip_018_0117_0123_Y,/workspace/RoadBuddy/data/train/videos/a66fd7f7_015_clip_018_0117_0123_Y.mp4,"Trong video này, biển báo giới hạn tốc độ tối đa 80 km/h áp dụng cho khu vực nào?",Toàn bộ đoạn đường trong video,Làn đường bên trái,Lối rẽ ra khỏi đường chính,Chỉ dành cho xe tải,,,,,,
train_1292,a9ab364a_015_clip_016_0103_0112_Y,/workspace/RoadBuddy/data/train/videos/a9ab364a_015_clip_016_0103_0112_Y.mp4,"Trong video, biển báo cho biết còn bao xa nữa thì đến lối ra đi Long Thành, Phan Thiết và Dầu Giây?",100 m,500 m,1 km,Không có thông tin,,,,,,
train_1293,c35bec2c_240_clip_002_0005_0014_Y,/workspace/RoadBuddy/data/train/videos/c35bec2c_240_clip_002_0005_0014_Y.mp4,"Trong video, biển chỉ dẫn cung cấp thông tin về những tuyến đường nào?",Đường cao tốc CT.01 và Đường tỉnh 319.,Quốc lộ 1A và Quốc lộ 51.,Đường cao tốc CT.01 và Quốc lộ 1A.,Đường tỉnh 319 và Quốc lộ 51.,,,,,,
train_1294,3cb98350_545_clip_020_0148_0158_Y,/workspace/RoadBuddy/data/train/videos/3cb98350_545_clip_020_0148_0158_Y.mp4,"Trong video này, dựa vào tốc độ hiển thị trên camera hành trình và biển báo, xe có camera hành trình đang di chuyển như thế nào?",Nhanh hơn tốc độ tối đa cho phép.,Chậm hơn tốc độ tối thiểu cho phép.,Đúng trong khoảng tốc độ cho phép.,Đúng bằng tốc độ tối thiểu cho phép.,,,,,,
train_1299,f396ea37_545_clip_013_0092_0100_Y,/workspace/RoadBuddy/data/train/videos/f396ea37_545_clip_013_0092_0100_Y.mp4,"Trong video, người lái xe đã thấy những biển báo nào sau đây?",Biển báo tốc độ tối đa cho phép và biển báo khu dân cư.,Biển báo tốc độ tối thiểu cho phép và biển chỉ dẫn lối ra.,Biển báo tốc độ tối đa cho phép và biển chỉ dẫn lối ra.,Chỉ có biển báo tốc độ tối đa cho phép.,,,,,,
train_1302,746cdb77_461_clip_014_0092_0102_Y,/workspace/RoadBuddy/data/train/videos/746cdb77_461_clip_014_0092_0102_Y.mp4,"Trong video này, ý nghĩa của biển báo giao thông xuất hiện là gì?",Hạn chế tải trọng trên trục xe,Hạn chế chiều ngang của xe,Hạn chế chiều cao của xe và hàng,Cấm ô tô tải,,,,,,
train_1306,ebc2026f_495_clip_013_0090_0098_N,/workspace/RoadBuddy/data/train/videos/ebc2026f_495_clip_013_0090_0098_N.mp4,"Trong video này, các biển báo xuất hiện nhằm mục đích gì?",Báo hiệu sắp đến trạm thu phí.,Cảnh báo khu vực có giới hạn tốc độ mới.,Nhắc nhở người lái xe duy trì khoảng cách an toàn với xe phía trước.,Chỉ dẫn lối ra khỏi đường cao tốc.,,,,,,
train_1308,d4ef00aa_277_clip_024_0170_0180_Y,/workspace/RoadBuddy/data/train/videos/d4ef00aa_277_clip_024_0170_0180_Y.mp4,"Trong video này, hành vi của chiếc ô tô màu đen đang đỗ bên lề đường là đúng hay sai theo quy tắc giao thông được báo hiệu?","Đúng, vì xe đỗ gọn gàng trên lề cỏ.","Sai, vì khu vực này có biển báo cấm đỗ xe.","Đúng, vì biển báo chỉ áp dụng cho xe tải.","Sai, vì đường này chỉ cho phép dừng xe, không được đỗ.",,,,,,
train_1315,f3ea0184_277_clip_005_0029_0036_Y,/workspace/RoadBuddy/data/train/videos/f3ea0184_277_clip_005_0029_0036_Y.mp4,"Trong video này, các nhóm biển báo nào đã xuất hiện? Chọn đáp án đầy đủ nhất.",Biển chỉ dẫn và biển báo hiệu lệnh,Biển báo cấm và biển báo nguy hiểm,Chỉ có biển chỉ dẫn,"Biển chỉ dẫn, biển báo cấm và biển báo nguy hiểm",,,,,,
train_1331,4f76e388_442_clip_002_0007_0016_N,/workspace/RoadBuddy/data/train/videos/4f76e388_442_clip_002_0007_0016_N.mp4,"Trong video này, biển báo giao thông nào đã xuất hiện?",Biển cấm đi ngược chiều,Biển cấm đỗ xe,Biển cấm dừng và đỗ xe,Biển báo khu dân cư,,,,,,
train_1345,9be578c7_554_clip_003_0014_0022_N,/workspace/RoadBuddy/data/train/videos/9be578c7_554_clip_003_0014_0022_N.mp4,"Trong video này, dựa vào biển báo và vạch kẻ đường, hành vi nào bị cấm ở bên phải lề đường?",Chỉ cấm đỗ xe,Chỉ cấm dừng xe,Dừng xe và đỗ xe,Rẽ phải,,,,,,
train_1351,49e2623d_305_clip_004_0026_0036_N,/workspace/RoadBuddy/data/train/videos/49e2623d_305_clip_004_0026_0036_N.mp4,"Trong video này, người lái xe nhận được cảnh báo hoặc chỉ dẫn nào thông qua các vạch kẻ trên đường?",Cảnh báo đường trơn trượt,Cần phải đi chậm lại,Sắp đến khu vực trường học,Làn đường dành riêng cho xe buýt,,,,,,
train_1352,343ada2a_442_clip_008_0055_0060_N,/workspace/RoadBuddy/data/train/videos/343ada2a_442_clip_008_0055_0060_N.mp4,"Trong video này, biển báo hình tròn, nền xanh với mũi tên trắng chỉ thẳng lên trên có ý nghĩa gì?",Báo hiệu đây là đường một chiều.,Chỉ dẫn hướng đi đến một địa điểm cụ thể.,Báo hiệu các loại xe (cơ giới và thô sơ) chỉ được phép đi thẳng.,Báo hiệu đường dành riêng cho ô tô.,,,,,,
train_1353,a911d192_129_clip_007_0045_0052_N,/workspace/RoadBuddy/data/train/videos/a911d192_129_clip_007_0045_0052_N.mp4,"Trong video, tại sao phương tiện không thể quay đầu xe hoặc rẽ trái ngay lập tức?",Vì có dải phân cách cứng ở giữa đường,Vì có biển báo cấm quay đầu xe,Vì đây là đường một chiều,Vì đèn tín hiệu giao thông đang báo màu đỏ,,,,,,
train_1356,a01ac992_545_clip_001_0000_0007_Y,/workspace/RoadBuddy/data/train/videos/a01ac992_545_clip_001_0000_0007_Y.mp4,"Trong video này, dải phân cách cứng ở giữa có tác dụng gì?",Phân chia hai chiều xe chạy ngược nhau,Phân chia làn ô tô và xe máy,Rào chắn của công trình đang thi công,Phân chia làn xe thô sơ và xe cơ giới,,,,,,
train_1361,d46b415d_495_clip_006_0027_0032_Y,/workspace/RoadBuddy/data/train/videos/d46b415d_495_clip_006_0027_0032_Y.mp4,"Trong video này, biển báo hiệu lệnh màu xanh ở phía bên phải có ý nghĩa gì?",Các xe chỉ được đi thẳng,Đường dành cho ô tô,Được phép rẽ phải tại ngã ba,Bắt đầu khu vực đông dân cư,,,,,,
train_1363,2784378f_495_clip_001_0000_0010_Y,/workspace/RoadBuddy/data/train/videos/2784378f_495_clip_001_0000_0010_Y.mp4,"Trong video, vạch kẻ đường dạng chữ V (vạch xương cá) ở làn đường bên trái xe có camera hành trình có ý nghĩa gì?","Khu vực được phép dừng, đỗ xe.",Khu vực dành cho người đi bộ sang đường.,Báo hiệu không được đi vào phần mặt đường có vạch này.,Báo hiệu sắp đến đoạn đường ưu tiên.,,,,,,
train_1368,74f93d17_238_clip_002_0006_0015_Y,/workspace/RoadBuddy/data/train/videos/74f93d17_238_clip_002_0006_0015_Y.mp4,"Trong video này, tốc độ tối đa cho phép trên đoạn đường này là bao nhiêu?",50 km/h,60 km/h,80 km/h,Không có biển báo giới hạn tốc độ,,,,,,
train_1372,dc1110c1_238_clip_006_0044_0053_Y,/workspace/RoadBuddy/data/train/videos/dc1110c1_238_clip_006_0044_0053_Y.mp4,"Trong video này, ngoài giới hạn tốc độ, còn có biển báo hạn chế nào khác?",Hạn chế trọng lượng xe,Hạn chế chiều ngang xe,Hạn chế chiều cao xe,Không có biển báo hạn chế nào khác,,,,,,
train_1375,38ba8abc_179_clip_008_0051_0060_Y,/workspace/RoadBuddy/data/train/videos/38ba8abc_179_clip_008_0051_0060_Y.mp4,"Trong video này, vạch kẻ đường trong làn xe của tài xế có ý nghĩa gì?",Đây là làn đường dành cho các phương tiện đi thẳng.,Đây là làn đường dành cho các phương tiện rẽ phải.,Đây là làn đường bắt buộc các phương tiện phải rẽ trái.,Đây là làn đường cho phép đi thẳng và rẽ trái.,,,,,,
train_1377,add702c9_063_clip_003_0017_0024_Y,/workspace/RoadBuddy/data/train/videos/add702c9_063_clip_003_0017_0024_Y.mp4,"Trong video này, các biển báo cung cấp thông tin gì là chủ yếu?",Giới hạn tốc độ và cấm dừng đỗ,Tên đường và tên cầu,Hướng đi và khoảng cách đến các địa điểm,Cảnh báo nguy hiểm và khu vực đông dân cư,,,,,,
train_1385,8ae769ed_183_clip_008_0050_0060_Y,/workspace/RoadBuddy/data/train/videos/8ae769ed_183_clip_008_0050_0060_Y.mp4,"Trong video này, những loại biển báo nào đã xuất hiện?",Biển báo nguy hiểm và biển báo cấm.,Biển báo chỉ dẫn và biển báo hiệu lệnh.,"Biển báo nguy hiểm, biển báo cấm và biển báo chỉ dẫn.",Chỉ có biển báo chỉ dẫn.,,,,,,
train_1389,a5cb63a2_035_clip_001_0000_0007_Y,/workspace/RoadBuddy/data/train/videos/a5cb63a2_035_clip_001_0000_0007_Y.mp4,"Trong video này, có những loại biển báo/tín hiệu giao thông nào xuất hiện? Chọn đáp án đúng và đầy đủ nhất.","Đèn tín hiệu giao thông, biển báo nguy hiểm và biển báo chỉ dẫn.",Chỉ có đèn tín hiệu giao thông và biển báo chỉ dẫn.,Đèn tín hiệu giao thông và biển báo cấm.,Chỉ có biển báo nguy hiểm và biển báo hiệu lệnh.,,,,,,
train_1390,a974d079_345_clip_001_0000_0009_Y,/workspace/RoadBuddy/data/train/videos/a974d079_345_clip_001_0000_0009_Y.mp4,"Trong video này, dựa vào các biển báo, người lái xe cần xử lý như thế nào?",Tăng tốc để qua nhanh đoạn đường cong vì đang ở trên đường ưu tiên.,Giảm tốc độ và chú ý quan sát vì sắp đến đoạn đường cong nguy hiểm.,Dừng lại và nhường đường cho các xe từ hướng khác.,Chuẩn bị rẽ phải vào đường nhánh.,,,,,,
train_1396,8d03c91e_345_clip_019_0137_0147_Y,/workspace/RoadBuddy/data/train/videos/8d03c91e_345_clip_019_0137_0147_Y.mp4,"Trong video này, dựa vào các biển báo, người lái xe cần hiểu rằng đoạn đường phía trước như thế nào?","Là đoạn đường một chiều, làn bên trái dành cho xe đi hướng ngược lại.",Là đoạn đường cao tốc sắp kết thúc.,Là đoạn đường hai chiều có dải phân cách cứng.,"Là đoạn đường đang thi công, cấm tất cả các phương tiện.",,,,,,
train_1401,a9ab364a_015_clip_016_0103_0112_Y,/workspace/RoadBuddy/data/train/videos/a9ab364a_015_clip_016_0103_0112_Y.mp4,"Trong video, các biển báo đã đề cập đến những tuyến cao tốc nào?",CT.01 và CT.29,Chỉ CT.01,Chỉ CT.29,CT.01 và CT.51,,,,,,
train_1406,ebc2026f_495_clip_013_0090_0098_N,/workspace/RoadBuddy/data/train/videos/ebc2026f_495_clip_013_0090_0098_N.mp4,"Trong video này, khi thấy biển báo 'Giữ khoảng cách an toàn', người lái xe nên thực hiện hành động nào sau đây?",Chủ động điều chỉnh tốc độ và duy trì một khoảng cách phù hợp với xe phía trước.,Tăng tốc để nhanh chóng vượt qua khu vực có biển báo.,Chuyển sang làn dừng khẩn cấp.,Bật đèn cảnh báo nguy hiểm (đèn hazard).,,,,,,
train_1409,c35bec2c_240_clip_002_0005_0014_Y,/workspace/RoadBuddy/data/train/videos/c35bec2c_240_clip_002_0005_0014_Y.mp4,"Trong video, nếu tiếp tục đi thẳng, phương tiện sẽ di chuyển trên tuyến đường nào?",Đường cao tốc CT.01 hướng về TP. Hồ Chí Minh.,Đường tỉnh 319 hướng về TT. Nhơn Trạch.,Quốc lộ 51.,Không có thông tin trên biển báo.,,,,,,
train_1421,69ca97d2_545_clip_007_0047_0052_N,/workspace/RoadBuddy/data/train/videos/69ca97d2_545_clip_007_0047_0052_N.mp4,"Dựa vào các vạch kẻ đường và biển báo trong video, người lái xe nên chuẩn bị cho tình huống nào sắp tới?",Sắp đến một lối ra hoặc một điểm phân chia làn đường.,"Sắp vào khu vực đông dân cư, cần giảm tốc độ.",Sắp đến đoạn đường cho phép quay đầu xe.,Đoạn đường phía trước chỉ dành cho xe ô tô con.,,,,,,
train_1423,f396ea37_545_clip_013_0092_0100_Y,/workspace/RoadBuddy/data/train/videos/f396ea37_545_clip_013_0092_0100_Y.mp4,"Trong video này, biển báo 'LỐI RA' có ý nghĩa gì?",Báo hiệu sắp đến trạm dừng nghỉ.,Báo hiệu sắp đến đoạn đường để ra khỏi đường đang đi.,Báo hiệu kết thúc đường cao tốc.,Báo hiệu sắp đến trạm thu phí.,,,,,,
train_1424,3cb98350_545_clip_020_0148_0158_Y,/workspace/RoadBuddy/data/train/videos/3cb98350_545_clip_020_0148_0158_Y.mp4,"Trong video này, loại vạch kẻ đường nào phân chia hai làn đường cùng chiều mà xe có camera hành trình đang lưu thông?",Vạch liền màu trắng.,Vạch đứt quãng màu trắng.,Vạch liền màu vàng.,Không có vạch kẻ đường.,,,,,,
train_1426,f3ea0184_277_clip_005_0029_0036_Y,/workspace/RoadBuddy/data/train/videos/f3ea0184_277_clip_005_0029_0036_Y.mp4,"Trong video này, người tham gia giao thông có được phép dừng xe ở đoạn đường có biển báo cấm hình tròn, nền xanh, viền đỏ, có hai vạch chéo màu đỏ không?",Được phép dừng xe không quá 5 phút,Chỉ được phép đỗ xe,Không được phép dừng xe và đỗ xe,Chỉ cấm dừng xe vào giờ cao điểm,,,,,,
train_1439,7bb38605_447_clip_005_0027_0032_N,/workspace/RoadBuddy/data/train/videos/7bb38605_447_clip_005_0027_0032_N.mp4,"Dựa vào cấu trúc của con đường trong video, tại sao người lái xe không thể rẽ trái hoặc quay đầu?",Vì có biển báo cấm rẽ trái và quay đầu,Vì đường quá hẹp,Vì có dải phân cách cứng chia hai chiều đường,Vì đang đi trên cầu vượt một chiều,,,,,,
train_1453,4f76e388_442_clip_002_0007_0016_N,/workspace/RoadBuddy/data/train/videos/4f76e388_442_clip_002_0007_0016_N.mp4,"Trong video này, đặc điểm của đoạn đường xe đang di chuyển là gì?",Đường một chiều dành cho ô tô,"Đường hai chiều, cho phép các xe vượt nhau khi an toàn",Đường một chiều có làn dành cho xe máy,"Đường hai chiều, không cho phép các xe vượt nhau",,,,,,
train_1464,2784378f_495_clip_001_0000_0010_Y,/workspace/RoadBuddy/data/train/videos/2784378f_495_clip_001_0000_0010_Y.mp4,"Trong video, làn đường sát lề phải được phân cho loại phương tiện nào?",Tất cả các loại phương tiện.,Xe ô tô và xe tải.,"Xe mô tô, xe gắn máy và xe thô sơ.",Chỉ dành cho xe buýt.,,,,,,
train_1472,8a476a87_495_clip_004_0027_0032_Y,/workspace/RoadBuddy/data/train/videos/8a476a87_495_clip_004_0027_0032_Y.mp4,"Trong video này, tại vị trí có biển báo hiệu lệnh hình tròn màu xanh, các phương tiện phải di chuyển như thế nào?",Đi sang bên phải của dải phân cách.,Rẽ phải ở ngã tư tiếp theo.,Bắt buộc đi thẳng.,Được phép quay đầu.,,,,,,
train_1482,74f93d17_238_clip_002_0006_0015_Y,/workspace/RoadBuddy/data/train/videos/74f93d17_238_clip_002_0006_0015_Y.mp4,"Trong video này, nếu tài xế muốn quay đầu xe thì phải làm gì?",Được phép quay đầu tại bất kỳ vị trí nào có vạch kẻ đường cho phép.,Chỉ được phép quay đầu tại nơi có giao lộ.,Không được phép quay đầu xe trên đoạn đường này và phải tìm một tuyến đường khác.,Bật tín hiệu và quay đầu xe một cách cẩn thận.,,,,,,
