id,video_id,video_path,question,ground_truth,raw_prediction,normalized_ground_truth,normalized_prediction,patch_count,error_category,review_status,review_note
train_0455,571aa876_403_clip_008_0044_0053_Y,/workspace/RoadBuddy/data/train/videos/571aa876_403_clip_008_0044_0053_Y.mp4,"Trong video, có phải xuất hiện biển báo nguy hiểm không?",A. Phải,B. Không,A,B,5,visual_recognition,needs_manual_review,Inspect the source video and revise this note.
train_0666,deaf528d_442_clip_005_0035_0040_N,/workspace/RoadBuddy/data/train/videos/deaf528d_442_clip_005_0035_0040_N.mp4,"Trong video, biển báo nào xuất hiện bên phải màn hình?",A. Biển cấm ô tô,B. Biển báo cấm đi ngược chiều,A,B,3,visual_recognition,needs_manual_review,Inspect the source video and revise this note.
train_1235,966b1964_033_clip_001_0000_0009_N,/workspace/RoadBuddy/data/train/videos/966b1964_033_clip_001_0000_0009_N.mp4,"Trong video này, người lái xe có thể quan sát thấy biển báo nào ở phía bên phải?",A. Biển cấm đỗ xe,B. Biển cấm đỗ,A,B,3,visual_recognition,needs_manual_review,Inspect the source video and revise this note.
train_1203,03cde2e3_322_clip_017_0123_0129_N,/workspace/RoadBuddy/data/train/videos/03cde2e3_322_clip_017_0123_0129_N.mp4,"Trong video này, biển báo lớn màu vàng đầu tiên có nội dung cảnh báo về điều gì?",A. Giữ khoảng cách an toàn,B. Giữ khoảng cách an toàn,A,B,3,visual_recognition,needs_manual_review,Inspect the source video and revise this note.
train_0318,f99f0704_525_clip_015_0108_0117_Y,/workspace/RoadBuddy/data/train/videos/f99f0704_525_clip_015_0108_0117_Y.mp4,Các biển báo tại trạm thu phí trong video có ý nghĩa gì?,A. Báo hiệu khu vực trạm thu phí ETC,"B. Cấm xe tải, xe tải nhỏ, xe máy, xe đạp, xe buýt, xe khách, xe lăn, xe điện,",A,B,3,visual_recognition,needs_manual_review,Inspect the source video and revise this note.
train_0518,0ad45230_447_clip_006_0031_0037_N,/workspace/RoadBuddy/data/train/videos/0ad45230_447_clip_006_0031_0037_N.mp4,"Trong video này, để thực hiện việc chuyển sang làn bên phải, quy trình nào sau đây là đúng luật và đảm bảo an toàn nhất?","B. Quan sát gương chiếu hậu, kiểm tra điểm mù, bật tín hiệu rồi mới chuyển làn.","A. Đứng yên tại vị trí, chờ đèn tín hiệu và chờ xe chuyển sang làn bên phải.",B,A,3,temporal_information_missing,needs_manual_review,Inspect the source video and revise this note.
train_0027,26c432f6_136_clip_002_0007_0012_Y,/workspace/RoadBuddy/data/train/videos/26c432f6_136_clip_002_0007_0012_Y.mp4,"Ô tô đang đi trên làn đường này sẽ chỉ được phép rẽ trái và rẽ phải khi đến nút giao, đúng hay sai?",B. Sai,A. Đúng,B,A,5,temporal_information_missing,needs_manual_review,Inspect the source video and revise this note.
train_0367,236c7b87_277_clip_014_0088_0098_Y,/workspace/RoadBuddy/data/train/videos/236c7b87_277_clip_014_0088_0098_Y.mp4,Trong video này có biển báo nguy hiểm Đường giao nhau không?,B. Không,A. Có,B,A,3,visual_recognition,needs_manual_review,Inspect the source video and revise this note.
train_0520,0ad45230_447_clip_006_0031_0037_N,/workspace/RoadBuddy/data/train/videos/0ad45230_447_clip_006_0031_0037_N.mp4,"Trong video này, khi tiến đến gần vạch kẻ đường dành cho người đi bộ, người lái xe phải thực hiện hành động ưu tiên nào sau đây?","B. Giảm tốc độ, quan sát và sẵn sàng dừng lại nhường đường.",A. Đứng yên và chờ người đi bộ qua,B,A,3,temporal_information_missing,needs_manual_review,Inspect the source video and revise this note.
train_0291,6232b17a_545_clip_023_0168_0180_Y,/workspace/RoadBuddy/data/train/videos/6232b17a_545_clip_023_0168_0180_Y.mp4,Chọn đáp án đầy đủ và chính xác nhất về các biển báo xuất hiện trong video?,B. Biển báo chỉ dẫn điện thoại khẩn cấp và biển báo chỉ dẫn hướng và khoảng cách đến lối ra trên đường cao tố,"A. Biển báo cấm, biển báo giới hạn tốc độ, biển báo cấm đỗ, biển báo cấm đỗ xe, biển báo",B,A,3,visual_recognition,needs_manual_review,Inspect the source video and revise this note.
train_0608,ac7e937c_033_clip_005_0026_0032_N,/workspace/RoadBuddy/data/train/videos/ac7e937c_033_clip_005_0026_0032_N.mp4,"Trong video, hướng đi Công trường Mê Linh là hướng nào?",C. Rẽ phải ngã tư đầu tiên,B. Hướng đi thẳng,C,B,3,temporal_information_missing,needs_manual_review,Inspect the source video and revise this note.
train_0002,2b840c67_386_clip_002_0008_0018_Y,/workspace/RoadBuddy/data/train/videos/2b840c67_386_clip_002_0008_0018_Y.mp4,Phần đường trong video cho phép các phương tiện đi theo hướng nào khi đến nút giao?,"C. Đi thẳng, rẽ trái và rẽ phải",A. Đi thẳng,C,A,5,temporal_information_missing,needs_manual_review,Inspect the source video and revise this note.
train_1208,272c0588_202_clip_013_0087_0093_Y,/workspace/RoadBuddy/data/train/videos/272c0588_202_clip_013_0087_0093_Y.mp4,"Trong video này, tốc độ tối đa cho phép trên đoạn đường là bao nhiêu?",C. 100 km/h,B. 100 km/h,C,B,3,traffic_rule_knowledge,needs_manual_review,Inspect the source video and revise this note.
train_0086,a5e5a5ab_103_clip_004_0023_0033_Y,/workspace/RoadBuddy/data/train/videos/a5e5a5ab_103_clip_004_0023_0033_Y.mp4,Biển hiệu lệnh rẽ phải áp dụng cho loại phương tiện nào?,C. Ô tô,A. Xe tải,C,A,5,temporal_information_missing,needs_manual_review,Inspect the source video and revise this note.
train_1318,9716108e_557_clip_012_0077_0087_Y,/workspace/RoadBuddy/data/train/videos/9716108e_557_clip_012_0077_0087_Y.mp4,"Trong video, dựa vào biển báo cảnh báo hình tam giác, xe của bạn đang di chuyển trên loại đường nào?",C. Đường ưu tiên,B. Đường thẳng,C,B,3,temporal_information_missing,needs_manual_review,Inspect the source video and revise this note.
train_0263,c012a0ff_545_clip_004_0018_0027_N,/workspace/RoadBuddy/data/train/videos/c012a0ff_545_clip_004_0018_0027_N.mp4,Ý nghĩa các biển báo là gì?,D. Mốc khoảng cách an toàn,"B. Biển báo cấm, biển báo chỉ dẫn, biển báo cảnh báo",D,B,3,visual_recognition,needs_manual_review,Inspect the source video and revise this note.
train_0548,28711733_447_clip_007_0041_0050_N,/workspace/RoadBuddy/data/train/videos/28711733_447_clip_007_0041_0050_N.mp4,"Trong video, biển tròn viền đỏ có ý nghĩa gì?",D. Biển cấm đỗ xe,A. Biển báo cấm đi ngược chiều,D,A,3,insufficient_frame,needs_manual_review,Inspect the source video and revise this note.
train_0292,6232b17a_545_clip_023_0168_0180_Y,/workspace/RoadBuddy/data/train/videos/6232b17a_545_clip_023_0168_0180_Y.mp4,Có bao nhiêu biển báo trong video?,D. 3,B. 3,D,B,3,visual_recognition,needs_manual_review,Inspect the source video and revise this note.
train_1030,4d183eba_340_clip_004_0023_0033_Y,/workspace/RoadBuddy/data/train/videos/4d183eba_340_clip_004_0023_0033_Y.mp4,Có những nhóm biển báo nào xuất hiện trong video?,D. Tất cả đều đúng,"A. Biển báo cấm, biển báo giới hạn, biển báo cấm dừng, biển báo cấm đỗ, biển báo cấm đỗ",D,A,3,visual_recognition,needs_manual_review,Inspect the source video and revise this note.
train_0030,27cd8130_136_clip_004_0020_0028_Y,/workspace/RoadBuddy/data/train/videos/27cd8130_136_clip_004_0020_0028_Y.mp4,"Trong video, có những loại biển báo nào","D. Biển chỉ dẫn, biển hiệu lệnh, biển cấm, biển phụ","A. Biển báo cấm, biển báo giới hạn, biển báo cảnh báo",D,A,5,visual_recognition,needs_manual_review,Inspect the source video and revise this note.
